0,0,0,0
0.0001,0,0,0
0.0002,0,0,0
0.0003,0,0,0
0.0004,0,0,0
0.0005,0,0,0
0.0006,0,0,0
0.0007,0,0,0
0.0008,0,0,0
0.0009,0,0,0
0.001,0,0,0
0.0011,0,0,0
0.0012,0,0,0
0.0013,0,0,0
0.0014,0,0,0
0.0015,0,0,0
0.0016,0,0,0
0.0017,0,0,0
0.0018,0,0,0
0.0019,0,0,0
0.002,0,0,0
0.0021,0,0,0
0.0022,0,0,0
0.0023,0,0,0
0.0024,0,0,0
0.0025,0,0,0
0.0026,0,0,0
0.0027,0,0,0
0.0028,0,0,0
0.0029,0,0,0
0.003,0,0,0
0.0031,0,0,0
0.0032,0,0,0
0.0033,0,0,0
0.0034,0,0,0
0.0035,0,0,0
0.0036,0,0,0
0.0037,0,0,0
0.0038,0,0,0
0.0039,0,0,0
0.004,0,0,0
0.0041,0,0,0
0.0042,0,0,0
0.0043,0,0,0
0.0044,0,0,0
0.0045,0,0,0
0.0046,0,0,0
0.0047,0,0,0
0.0048,0,0,0
0.0049,0,0,0
0.005,0,0,0
0.0051,0,0,0
0.0052,0,0,0
0.0053,0,0,0
0.0054,0,0,0
0.0055,0,0,0
0.0056,0,0,0
0.0057,0,0,0
0.0058,0,0,0
0.0059,0,0,0
0.006,0,0,0
0.0061,0,0,0
0.0062,0,0,0
0.0063,0,0,0
0.0064,0,0,0
0.0065,0,0,0
0.0066,0,0,0
0.0067,0,0,0
0.0068,0,0,0
0.0069,0,0,0
0.007,0,0,0
0.0071,0,0,0
0.0072,0,0,0
0.0073,0,0,0
0.0074,0,0,0
0.0075,0,0,0
0.0076,0,0,0
0.0077,0,0,0
0.0078,0,0,0
0.0079,0,0,0
0.008,0,0,0
0.0081,0,0,0
0.0082,0,0,0
0.0083,0,0,0
0.0084,0,0,0
0.0085,0,0,0
0.0086,0,0,0
0.0087,0,0,0
0.0088,0,0,0
0.0089,0,0,0
0.009,0,0,0
0.0091,0,0,0
0.0092,0,0,0
0.0093,0,0,0
0.0094,0,0,0
0.0095,0,0,0
0.0096,0,0,0
0.0097,0,0,0
0.0098,0,0,0
0.0099,0,0,0
0.01,0,0,12
0.0101,0.0106290724683602,0.0502662691112255,12
0.0102,0.0186271110492736,0.194469631352965,12
0.0103,0.024551154038432,0.408912056244663,12
0.0104,0.0288436790427824,0.674928781281026,12
0.0105,0.0318560222731341,0.977852500079567,12
0.0106,0.0338670163927682,1.30618932719315,12
0.0107,0.0350978228704522,1.6509633005567,12
0.0108,0.0357237355952953,2.00519500818113,12
0.0109,0.0358835739742693,2.36348695003632,12
0.011,0.0356871575535448,2.72169383672183,12
0.0111,0.0352212537780934,3.07666047611881,12
0.0112,0.0345543105741875,3.42601344063688,12
0.0113,0.0337402218231359,3.76799552627202,12
0.0114,0.0328213231622849,4.10133425800267,12
0.0115,0.031830775250997,4.42513748148607,12
0.0116,0.0307944595658547,4.73881050202819,12
0.0117,0.0297324862620558,5.04199036276713,12
0.0118,0.0286603933208096,5.33449375412903,12
0.0119,0.027590100032139,5.61627576300431,12
0.012,0.0265306649924962,5.88739724024913,12
0.0121,0.0254888885534079,6.14799901888929,12
0.0122,0.0244697915048491,6.39828157654571,12
0.0123,0.0234769952885054,6.63848902301785,12
0.0124,0.0225130238718988,6.86889652270289,12
0.0125,0.0215795433042307,7.08980044356879,12
0.0126,0.0206775517035972,7.30151066927222,12
0.0127,0.0198075298217357,7.50434462630327,12
0.0128,0.0189695602603899,7.69862266978576,12
0.0129,0.0181634217642627,7.88466454457206,12
0.013,0.017388663703048,8.0627866963673,12
0.0131,0.0166446648104695,8.23330025384606,12
0.0132,0.0159306794169398,8.39650953950621,12
0.0133,0.015245873750845,8.55271099626917,12
0.0134,0.014589354356938,8.70219244011731,12
0.0135,0.013960190261295,8.84523256757955,12
0.0136,0.0133574301788336,8.9821006616075,12
0.0137,0.0127801157940234,9.11305645110026,12
0.0138,0.0122272919342562,9.23835008865234,12
0.0139,0.0116980142873074,9.35822221850608,12
0.014,0.0111913551806183,9.47290411257722,12
0.0141,0.0107064078337447,9.5826178571011,12
0.0142,0.0102422894106797,9.68757657616331,12
0.0143,0.00979814313142075,9.78798468133015,12
0.0144,0.00937313964859046,9.88403813893671,12
0.0145,0.00896647785231415,9.97592474844893,12
0.0146,0.00857738523267533,10.0638244267887,12
0.0147,0.0082051179021274,10.1479094946788,12
0.0148,0.00784896035882006,10.2283449619864,12
0.0149,0.00750822505477362,10.3052888097751,12
0.015,0.0071822518193057,10.3788922673512,12
0.0151,0.00687040717736804,10.4493000830413,12
0.0152,0.00657208359391787,10.5166507877989,12
0.0153,0.00628669866867548,10.5810769510126,12
0.0154,0.00601369430024771,10.6427054281118,12
0.0155,0.0057525358343386,10.7016575997295,12
0.0156,0.00550271120739632,10.7580496023204,12
0.0157,0.00526373009437692,10.8119925502263,12
0.0158,0.00503512306719757,10.8635927492636,12
0.0159,0.00481644076878823,10.912951901961,12
0.016,0.00460725310634105,10.9601673046229,12
0.0161,0.00440714846632731,11.0053320364204,12
0.0162,0.00421573295304565,11.0485351407377,12
0.0163,0.00403262965183568,11.0898617990142,12
0.0164,0.00385747791760177,11.1293934973319,12
0.0165,0.00368993268891341,11.1672081860041,12
0.0166,0.00352966382765855,11.2033804324186,12
0.0167,0.00337635548400498,11.2379815673932,12
0.0168,0.00322970548625936,11.271079825292,12
0.0169,0.00308942475509045,11.3027404781513,12
0.017,0.0029552367414944,11.3330259640546,12
0.0171,0.00282687688781831,11.3619960099918,12
0.0172,0.00270409211111663,11.3897077494295,12
0.0173,0.00258664030809036,11.4162158348133,12
0.0174,0.00247428988084669,11.4415725452127,12
0.0175,0.00236681928271407,11.4658278893156,12
0.0176,0.00226401658335238,11.4890297039674,12
0.0177,0.00216567905240847,11.5112237484464,12
0.0178,0.00207161276098175,11.5324537946555,12
0.0179,0.00198163220018219,11.5527617134062,12
0.018,0.00189555991608275,11.5721875569632,12
0.0181,0.00181322616038961,11.5907696380092,12
0.0182,0.00173446855617563,11.6085446051849,12
0.0183,0.00165913177804535,11.6255475153513,12
0.0184,0.00158706724612228,11.6418119027177,12
0.0185,0.00151813283327259,11.6573698449679,12
0.0186,0.0014521925850014,11.6722520265173,12
0.0187,0.00138911645148037,11.6864877990236,12
0.0188,0.00132878003118672,11.7001052392705,12
0.0189,0.00127106432565508,11.7131312045378,12
0.019,0.00121585550486405,11.7255913855682,12
0.0191,0.00116304468279912,11.7375103572334,12
0.0192,0.00111252770275283,11.7489116269998,12
0.0193,0.00106420493194157,11.7598176812901,12
0.0194,0.00101798106503602,11.7702500298315,12
0.0195,0.000973764936219736,11.7802292480769,12
0.0196,0.00093146933940639,11.7897750177854,12
0.0197,0.000891010856262397,11.7989061658384,12
0.0198,0.000852309691696507,11.8076407013715,12
0.0199,0.000815289516492666,11.8159958512928,12
0.02,0.000779877316776344,11.8239880942588,12
0.0201,0.000746003250017862,11.8316331931742,12
0.0202,0.000713600507289095,11.8389462262811,12
0.0203,0.000682605181502165,11.8459416168965,12
0.0204,0.000652956141370472,11.8526331618597,12
0.0205,0.000624594910843669,11.8590340587428,12
0.0206,0.000597465553778934,11.86515693188,12
0.0207,0.000571514563621197,11.8710138572662,12
0.0208,0.000546690757874831,11.8766163863743,12
0.0209,0.000522945177158741,11.8819755689375,12
0.021,0.000500230988645825,11.8871019747428,12
0.0211,0.000478503393696409,11.8920057144771,12
0.0212,0.000457719539503523,11.8966964596686,12
0.0213,0.00043783843457577,11.9011834617615,12
0.0214,0.000418820867891153,11.9054755703622,12
0.0215,0.000400629331562385,11.9095812506938,12
0.0216,0.000383227946861205,11.913508600291,12
0.0217,0.000366582393455804,11.9172653649714,12
0.0218,0.000350659841721792,11.9208589541118,12
0.0219,0.000335428887993231,11.9242964552622,12
0.022,0.000320859492626025,11.9275846481236,12
0.0221,0.000306922920751518,11.9307300179201,12
0.0222,0.000293591685603469,11.9337387681892,12
0.0223,0.000280839494306588,11.9366168330171,12
0.0224,0.000268641196019772,11.9393698887419,12
0.0225,0.000256972732331736,11.9420033651497,12
0.0226,0.000245811089811201,11.9445224561829,12
0.0227,0.000235134254618072,11.9469321301844,12
0.0228,0.00022492116908609,11.9492371396967,12
0.0229,0.000215151690191304,11.9514420308346,12
0.023,0.000205806549824481,11.9535511522524,12
0.0231,0.000196867316789077,11.9555686637196,12
0.0232,0.000188316360449841,11.9574985443258,12
0.0233,0.000180136815960339,11.9593446003283,12
0.0234,0.000172312551000825,11.9611104726593,12
0.0235,0.00016482813396085,11.9627996441063,12
0.0236,0.000157668803503877,11.9644154461819,12
0.0237,0.000150820439453842,11.9659610656938,12
0.0238,0.000144269534946281,11.9674395510304,12
0.0239,0.000138003169789061,11.9688538181729,12
0.024,0.000132008984980195,11.9702066564465,12
0.0241,0.00012627515833248,11.9715007340217,12
0.0242,0.000120790381156875,11.9727386031769,12
0.0243,0.000115543835958652,11.9739227053316,12
0.0244,0.000110525175102309,11.9750553758623,12
0.0245,0.000105724500403171,11.9761388487079,12
0.0246,0.000101132343605448,11.977175260776,12
0.0247,9.67396477082128E-05,11.9781666561572,12
0.0248,9.25377491024976E-05,11.979114990157,12
0.0249,8.85183604842653E-05,11.9800221331519,12
0.025,8.46735545095558E-05,11.9808898742781,12
0.0251,8.0995748159582E-05,11.9817199249608,12
0.0252,7.7477687784915E-05,11.9825139222891,12
0.0253,7.4112434799289E-05,11.9832734322449,12
0.0254,7.08933519947939E-05,11.9839999527915,12
0.0255,6.78140904514701E-05,11.9846949168279,12
0.0256,6.48685770154861E-05,11.9853596950152,12
0.0257,6.20510023211996E-05,11.9859955984794,12
0.0258,5.93558093334819E-05,11.9866038813977,12
0.0259,5.6777682387717E-05,11.987185743472,12
0.026,5.43115367058432E-05,11.9877423322948,12
0.0261,5.1952508367764E-05,11.988274745613,12
0.0262,4.96959447183557E-05,11.9887840334927,12
0.0263,4.7537395191149E-05,11.9892712003901,12
0.0264,4.54726025305792E-05,11.9897372071328,12
0.0265,4.34974943955069E-05,11.9901829728148,12
0.0266,4.16081753274362E-05,11.9906093766091,12
0.0267,3.98009190675915E-05,11.9910172595017,12
0.0268,3.80721612077149E-05,11.9914074259502,12
0.0269,3.64184921600585E-05,11.9917806454706,12
0.027,3.48366504327422E-05,11.9921376541548,12
0.0271,3.33235161971936E-05,11.9924791561225,12
0.0272,3.18761051349807E-05,11.9928058249098,12
0.0273,3.04915625519106E-05,11.9931183047978,12
0.0274,2.91671577477907E-05,11.9934172120831,12
0.0275,2.79002786307266E-05,11.9937031362933,12
0.0276,2.66884265653581E-05,11.99397664135,12
0.0277,2.55292114448658E-05,11.9942382666806,12
0.0278,2.44203469770154E-05,11.9944885282825,12
0.0279,2.33596461749606E-05,11.9947279197406,12
0.028,2.23450170439032E-05,11.9949569132011,12
0.0281,2.13744584550914E-05,11.9951759603021,12
0.0282,2.04460561990516E-05,11.9953854930652,12
0.0283,1.95579792102397E-05,11.9955859247467,12
0.0284,1.87084759556674E-05,11.9957776506532,12
0.0285,1.78958709803974E-05,11.9959610489211,12
0.0286,1.71185616030903E-05,11.9961364812626,12
0.0287,1.63750147550693E-05,11.9963042936785,12
0.0288,1.56637639566824E-05,11.9964648171413,12
0.0289,1.49834064250029E-05,11.9966183682475,12
0.029,1.43326003071579E-05,11.9967652498424,12
0.0291,1.37100620338215E-05,11.996905751617,12
0.0292,1.31145637876586E-05,11.9970401506796,12
0.0293,1.25449310817333E-05,11.9971687121022,12
0.0294,1.20000404430953E-05,11.9972916894435,12
0.0295,1.14788171969828E-05,11.9974093252487,12
0.0296,1.0980233347261E-05,11.9975218515281,12
0.0297,1.05033055489356E-05,11.9976294902145,12
0.0298,1.00470931687254E-05,11.9977324536013,12
0.0299,9.6106964298759E-06,11.9978309447606,12
0.03,9.19325463754456E-06,11.9979251579441,12
0.0301,8.79394448127721E-06,11.9980152789664,12
0.0302,8.41197841121167E-06,11.9981014855708,12
0.0303,8.04660308480985E-06,11.9981839477807,12
0.0304,7.69709788106107E-06,11.9982628282342,12
0.0305,7.3627734792168E-06,11.9983382825055,12
0.0306,7.04297049926575E-06,11.9984104594111,12
0.0307,6.73705820144272E-06,11.9984795013039,12
0.0308,6.44443324224477E-06,11.9985455443535,12
0.0309,6.16451848447051E-06,11.998608718815,12
0.031,5.89676185894413E-06,11.998669149286,12
0.0311,5.64063527568104E-06,11.9987269549519,12
0.0312,5.39563358235236E-06,11.9987822498216,12
0.0313,5.16127356798344E-06,11.9988351429518,12
0.0314,4.93709300992885E-06,11.9988857386622,12
0.0315,4.7226497622402E-06,11.9989341367418,12
0.0316,4.51752088363159E-06,11.9989804326447,12
0.0317,4.32130180332558E-06,11.9990247176793,12
0.0318,4.13360552312648E-06,11.999067079188,12
0.0319,3.95406185415519E-06,11.9991076007192,12
0.032,3.78231668673161E-06,11.9991463621928,12
0.0321,3.61803129197321E-06,11.9991834400569,12
0.0322,3.460881653728E-06,11.9992189074394,12
0.0323,3.31055782952442E-06,11.9992528342917,12
0.0324,3.16676333928251E-06,11.999285287527,12
0.0325,3.02921458057222E-06,11.9993163311519,12
0.0326,2.8976402692687E-06,11.9993460263932,12
0.0327,2.77178090450855E-06,11.999374431818,12
0.0328,2.65138825688192E-06,11.9994016034496,12
0.0329,2.53622487884892E-06,11.9994275948781,12
0.033,2.4260636364354E-06,11.9994524573656,12
0.0331,2.32068726126096E-06,11.9994762399479,12
0.0332,2.21988792202192E-06,11.9994989895307,12
0.0333,2.12346681459389E-06,11.9995207509827,12
0.0334,2.03123376993512E-06,11.9995415672232,12
0.0335,1.94300687901967E-06,11.9995614793078,12
0.0336,1.85861213406079E-06,11.9995805265085,12
0.0337,1.7778830853238E-06,11.9995987463916,12
0.0338,1.70066051283877E-06,11.9996161748919,12
0.0339,1.62679211237327E-06,11.9996328463831,12
0.034,1.55613219504952E-06,11.9996487937461,12
0.0341,1.48854140000589E-06,11.9996640484333,12
0.0342,1.42388641953497E-06,11.9996786405313,12
0.0343,1.36203973616569E-06,11.9996925988197,12
0.0344,1.30287937116529E-06,11.9997059508281,12
0.0345,1.24628864396223E-06,11.9997187228904,12
0.0346,1.19215594202126E-06,11.9997309401966,12
0.0347,1.14037450070791E-06,11.9997426268425,12
0.0348,1.09084219272384E-06,11.9997538058776,12
0.0349,1.0434613266859E-06,11.9997644993498,12
0.035,9.98138454446379E-07,11.9997747283498,12
0.0351,9.54784186789172E-07,11.9997845130519,12
0.0352,9.13313017129641E-07,11.9997938727542,12
0.0353,8.73643152871554E-07,11.9998028259167,12
0.0354,8.35696354091428E-07,11.9998113901975,12
0.0355,7.99397779223856E-07,11.9998195824877,12
0.0356,7.64675837460035E-07,11.9998274189447,12
0.0357,7.31462047546163E-07,11.9998349150243,12
0.0358,6.99690902720479E-07,11.9998420855107,12
0.0359,6.6929974151316E-07,11.9998489445461,12
0.036,6.40228624167438E-07,11.9998555056585,12
0.0361,6.1242021441453E-07,11.9998617817882,12
0.0362,5.85819666391476E-07,11.9998677853134,12
0.0363,5.60374516472226E-07,11.9998735280747,12
0.0364,5.36034579795856E-07,11.9998790213985,12
0.0365,5.12751851289099E-07,11.999884276119,12
0.0366,4.90480410983966E-07,11.9998893026002,12
0.0367,4.69176333450835E-07,11.9998941107555,12
0.0368,4.48797601171637E-07,11.999898710068,12
0.0369,4.29304021659877E-07,11.9999031096087,12
0.037,4.10657148194193E-07,11.9999073180549,12
0.0371,3.92820203992645E-07,11.9999113437067,12
0.0372,3.75758009676676E-07,11.9999151945038,12
0.0373,3.59436913889314E-07,11.999918878041,12
0.0374,3.43824726922949E-07,11.9999224015834,12
0.0375,3.28890657236175E-07,11.9999257720803,12
0.0376,3.1460525072001E-07,11.9999289961792,12
0.0377,3.00940332608465E-07,11.9999320802389,12
0.0378,2.87868951908709E-07,11.9999350303422,12
0.0379,2.75365328252892E-07,11.9999378523073,12
0.038,2.63404801041051E-07,11.9999405517001,12
0.0381,2.51963780814125E-07,11.9999431338444,12
0.0382,2.41019702720794E-07,11.9999456038329,12
0.0383,2.30550982018175E-07,11.9999479665372,12
0.0384,2.20536971498663E-07,11.9999502266171,12
0.0385,2.10957920767871E-07,11.9999523885301,12
0.0386,2.01794937295662E-07,11.9999544565402,12
0.0387,1.93029949148186E-07,11.9999564347261,12
0.0388,1.84645669349894E-07,11.9999583269892,12
0.0389,1.76625561784167E-07,11.9999601370616,12
0.039,1.68953808583669E-07,11.9999618685132,12
0.0391,1.61615278934536E-07,11.9999635247591,12
0.0392,1.54595499231166E-07,11.9999651090657,12
0.0393,1.47880624530021E-07,11.9999666245578,12
0.0394,1.41457411244747E-07,11.9999680742243,12
0.0395,1.35313191025634E-07,11.9999694609243,12
0.0396,1.29435845773944E-07,11.9999707873928,12
0.0397,1.23813783743518E-07,11.9999720562461,12
0.0398,1.18435916676364E-07,11.9999732699865,12
0.0399,1.13291637932153E-07,11.9999744310079,12
0.04,1.083708015741E-07,11.9999755416003,12
0.0401,1.03663702355678E-07,11.9999766039539,12
0.0402,9.91610565760397E-08,11.9999776201641,12
0.0403,9.4853983775866E-08,11.999978592235,12
0.0404,9.07339892166618E-08,11.9999795220839,12
0.0405,8.67929471318434E-08,11.9999804115448,12
0.0406,8.30230846984563E-08,11.9999812623718,12
0.0407,7.94169667072168E-08,11.999982076243,12
0.0408,7.59674808960568E-08,11.9999828547636,12
0.0409,7.2667823930405E-08,11.9999835994691,12
0.041,6.95114879770557E-08,11.9999843118282,12
0.0411,6.64922478684986E-08,11.9999849932458,12
0.0412,6.36041488284349E-08,11.9999856450661,12
0.0413,6.08414947284956E-08,11.9999862685744,12
0.0414,5.81988368522872E-08,11.9999868650006,12
0.0415,5.56709631498535E-08,11.9999874355209,12
0.0416,5.325288795527E-08,11.9999879812606,12
0.0417,5.09398421571376E-08,11.9999885032961,12
0.0418,4.87272637909968E-08,11.9999890026568,12
0.0419,4.66107890385985E-08,11.9999894803278,12
0.042,4.45862436274951E-08,11.9999899372511,12
0.0421,4.26496345971288E-08,11.9999903743278,12
0.0422,4.07971424189128E-08,11.9999907924201,12
0.0423,3.90251134691681E-08,11.9999911923525,12
0.0424,3.73300528179669E-08,11.9999915749137,12
0.0425,3.5708617337437E-08,11.9999919408584,12
0.0426,3.41576091099142E-08,11.9999922909082,12
0.0427,3.26739691207394E-08,11.9999926257536,12
0.0428,3.12547712190707E-08,11.9999929460549,12
0.0429,2.98972163542459E-08,11.9999932524438,12
0.043,2.85986270534437E-08,11.9999935455248,12
0.0431,2.73564421409304E-08,11.9999938258757,12
0.0432,2.61682116851063E-08,11.9999940940496,12
0.0433,2.50315921670989E-08,11.9999943505753,12
0.0434,2.39443418565514E-08,11.9999945959587,12
0.0435,2.29043163961677E-08,11.9999948306839,12
0.0436,2.19094645694355E-08,11.9999950552138,12
0.0437,2.09578242549384E-08,11.9999952699912,12
0.0438,2.00475185547504E-08,11.9999954754397,12
0.0439,1.91767520962031E-08,11.9999956719646,12
0.044,1.83438074845725E-08,11.9999958599533,12
0.0441,1.7547041926295E-08,11.9999960397768,12
0.0442,1.67848839816458E-08,11.9999962117896,12
0.0443,1.60558304615137E-08,11.999996376331,12
0.0444,1.53584434721125E-08,11.9999965337255,12
0.0445,1.46913475736625E-08,11.9999966842835,12
0.0446,1.405322706768E-08,11.9999968283021,12
0.0447,1.3442823403355E-08,11.9999969660652,12
0.0448,1.28589326980404E-08,11.9999970978445,12
0.0449,1.23004033580713E-08,11.9999972239,12
0.045,1.17661338114232E-08,11.9999973444803,12
0.0451,1.12550703293294E-08,11.9999974598231,12
0.0452,1.07662049550498E-08,11.999997570156,12
0.0453,1.0298573507103E-08,11.9999976756966,12
0.0454,9.85125369035985E-09,11.999997776653,12
0.0455,9.42336326639578E-09,11.9999978732243,12
0.0456,9.01405831507703E-09,11.9999979656011,12
0.0457,8.62253157388012E-09,11.9999980539655,12
0.0458,8.24801084584977E-09,11.9999981384917,12
0.0459,7.88975747221628E-09,11.9999982193465,12
0.046,7.54706487592501E-09,11.9999982966895,12
0.0461,7.21925717678858E-09,11.999998370673,12
0.0462,6.9056878465716E-09,11.999998441443,12
0.0463,6.60573843896657E-09,11.9999985091391,12
0.0464,6.31881737328684E-09,11.9999985738948,12
0.0465,6.04435876008154E-09,11.9999986358379,12
0.0466,5.78182129183632E-09,11.9999986950904,12
0.0467,5.53068717104851E-09,11.9999987517693,12
0.0468,5.29046109216154E-09,11.9999988059864,12
0.0469,5.06066926073175E-09,11.9999988578485,12
0.047,4.84085846446476E-09,11.999998907458,12
0.0471,4.63059517878435E-09,11.9999989549127,12
0.0472,4.42946470537038E-09,11.9999990003062,12
0.0473,4.23707035574524E-09,11.999999043728,12
0.0474,4.05303267720854E-09,11.9999990852638,12
0.0475,3.87698869895133E-09,11.9999991249955,12
0.0476,3.70859121355523E-09,11.9999991630014,12
0.0477,3.54750809373457E-09,11.9999991993566,12
0.0478,3.39342163877916E-09,11.9999992341326,12
0.0479,3.24602794828195E-09,11.9999992673982,12
0.048,3.10503632144617E-09,11.9999992992188,12
0.0481,2.97016868353524E-09,11.9999993296573,12
0.0482,2.84115903804434E-09,11.9999993587737,12
0.0483,2.71775294217776E-09,11.9999993866255,12
0.0484,2.59970700591624E-09,11.9999994132675,12
0.0485,2.48678841012691E-09,11.9999994387523,12
0.0486,2.37877444868957E-09,11.9999994631301,12
0.0487,2.27545208810228E-09,11.9999994864492,12
0.0488,2.17661754669792E-09,11.9999995087553,12
0.0489,2.08207589531924E-09,11.9999995300926,12
0.049,1.99164067092568E-09,11.9999995505031,12
0.0491,1.90513351194284E-09,11.999999570027,12
0.0492,1.82238380242268E-09,11.9999995887029,12
0.0493,1.74322833524628E-09,11.9999996065677,12
0.0494,1.66751099763758E-09,11.9999996236565,12
0.0495,1.59508245255609E-09,11.999999640003,12
0.0496,1.5257998507849E-09,11.9999996556395,12
0.0497,1.45952654742417E-09,11.9999996705968,12
0.0498,1.39613183359018E-09,11.9999996849045,12
0.0499,1.33549067735146E-09,11.9999996985907,12
0.05,1.27748347802311E-09,11.9999997116825,-12
0.0501,-0.0212581437147246,11.8994671859831,-12
0.0502,-0.037254220929629,11.6110604734788,-12
0.0503,-0.0491023069587177,11.1821756351543,-12
0.0504,-0.0576873570159855,10.6501421960427,-12
0.0505,-0.0637120435231462,10.0442947689306,-12
0.0506,-0.0677340318068537,9.38762112473307,-12
0.0507,-0.0701956448047309,8.69807318759995,-12
0.0508,-0.0714474702950799,7.98960978152834,-12
0.0509,-0.0717671470919245,7.2730259065966,-12
0.051,-0.0713743142876827,6.55661214162294,-12
0.0511,-0.070442506772371,5.84667887086158,-12
0.0512,-0.0691086203986043,5.14797294950914,-12
0.0513,-0.0674804429290675,4.46400878558884,-12
0.0514,-0.0656426456385173,3.79733132915826,-12
0.0515,-0.0636615498457403,3.1497248889168,-12
0.0516,-0.0615889185039601,2.52237885426577,-12
0.0517,-0.0594649719236287,1.91601913894169,-12
0.0518,-0.0573207860672183,1.3310123621044,-12
0.0519,-0.0551801995148263,0.767448349984653,-12
0.052,-0.0530613294594063,0.225205400881267,-12
0.0521,-0.0509777766040586,-0.295998151246763,-12
0.0522,-0.0489395825287783,-0.796563261631085,-12
0.0523,-0.0469539901169796,-1.27697814986094,-12
0.0524,-0.045026047303748,-1.73779314472136,-12
0.0525,-0.0431590861875254,-2.17960098213936,-12
0.0526,-0.0413551030045418,-2.60302142941982,-12
0.0527,-0.0396150592583082,-3.00868933953473,-12
0.0528,-0.0379391201523461,-3.39724542272398,-12
0.0529,-0.0363268431760947,-3.76932916868484,-12
0.053,-0.0347773270689731,-4.12557346882046,-12
0.0531,-0.0332893292984592,-4.46660058047318,-12
0.0532,-0.0318613585254066,-4.79301914863223,-12
0.0533,-0.0304917472066155,-5.10542205913422,-12
0.0534,-0.0291787084316181,-5.4043849439379,-12
0.0535,-0.0279203802525921,-5.69046519609543,-12
0.0536,-0.0267148600993967,-5.96420138150455,-12
0.0537,-0.0255602313409944,-6.22611295795825,-12
0.0538,-0.0244545836321907,-6.47670023064057,-12
0.0539,-0.0233960283485578,-6.7164444880314,-12
0.054,-0.0223827101449982,-6.94580827395765,-12
0.0541,-0.0214128154606434,-7.16523576088563,-12
0.0542,-0.0204845786234978,-7.37515319698236,-12
0.0543,-0.0195962860735741,-7.5759694053764,-12
0.0544,-0.0187462791161343,-7.76807631873415,-12
0.0545,-0.0179329555314455,-7.95184953598379,-12
0.0546,-0.0171547702996901,-8.12764889096571,-12
0.0547,-0.0164102356457897,-8.29581902512193,-12
0.0548,-0.015697920566058,-8.45668995818357,-12
0.0549,-0.0150164499645491,-8.6105776522751,-12
0.055,-0.0143645034999113,-8.75778456600587,-12
0.0551,-0.0137408142220604,-8.89860019602649,-12
0.0552,-0.0131441670609229,-9.03330160424095,-12
0.0553,-0.0125733972159506,-9.16215392942436,-12
0.0554,-0.012027388484368,-9.28541088243252,-12
0.0555,-0.0115050715575938,-9.40331522452959,-12
0.0556,-0.0110054223085342,-9.51609922862243,-12
0.0557,-0.0105274600871108,-9.62398512339267,-12
0.0558,-0.0100702460371669,-9.72718552047071,-12
0.0559,-0.00963288144457137,-9.82590382491243,-12
0.056,-0.0092145061237167,-9.92033462932454,-12
0.0561,-0.00881429684755343,-10.0106640920475,-12
0.0562,-0.00843146582468649,-10.0970702998478,-12
0.0563,-0.00806525922580239,-10.1797236156027,-12
0.0564,-0.00771495576071681,-10.2587870114749,-12
0.0565,-0.00737986530657544,-10.3344163880891,-12
0.0566,-0.00705932758716053,-10.4067608802196,-12
0.0567,-0.00675271090281378,-10.4759631495006,-12
0.0568,-0.00645941091015436,-10.5421596646591,-12
0.0569,-0.00617884945052533,-10.6054809697663,-12
0.057,-0.00591047342592438,-10.6660519409881,-12
0.0571,-0.0056537537210508,-10.7239920323031,-12
0.0572,-0.00540818417001838,-10.7794155106435,-12
0.0573,-0.00517328056623379,-10.8324316808992,-12
0.0574,-0.00494857971391591,-10.8831451012084,-12
0.0575,-0.0047336385197259,-10.9316557889457,-12
0.0576,-0.0045280331229876,-10.9780594178014,-12
0.0577,-0.00433135806299862,-11.0224475063309,-12
0.0578,-0.00414322548196156,-11.064907598339,-12
0.0579,-0.00396326436209994,-11.1055234354483,-12
0.058,-0.00379111979556308,-11.1443751221873,-12
0.0581,-0.00362645228576662,-11.1815392839205,-12
0.0582,-0.00346893707885945,-11.2170892179285,-12
0.0583,-0.00331826352405361,-11.2510950379332,-12
0.0584,-0.003174134461599,-11.2836238123519,-12
0.0585,-0.0030362656372307,-11.3147396965519,-12
0.0586,-0.0029043851419616,-11.3445040593633,-12
0.0587,-0.00277823287613753,-11.3729756041011,-12
0.0588,-0.00265756003671531,-11.4002104843317,-12
0.0589,-0.0025421286267665,-11.4262624146148,-12
0.059,-0.0024317109862505,-11.4511827764352,-12
0.0591,-0.00232608934314039,-11.4750207195354,-12
0.0592,-0.00222505538402328,-11.4978232588479,-12
0.0593,-0.00212840984333385,-11.519635367218,-12
0.0594,-0.00203596211041532,-11.5405000640993,-12
0.0595,-0.00194752985363654,-11.5604585003975,-12
0.0596,-0.00186293866082656,-11.5795500396301,-12
0.0597,-0.00178202169531981,-11.5978123355597,-12
0.0598,-0.00170461936693533,-11.6152814064573,-12
0.0599,-0.00163057901724249,-11.6319917061387,-12
0.06,-0.00155975461849363,-11.6479761919163,-12
0.0601,-0.00149200648563076,-11.6632663895995,-12
0.0602,-0.00142720100079891,-11.677892455672,-12
0.0603,-0.00136521034982356,-11.6918832367678,-12
0.0604,-0.00130591227013268,-11.7052663265651,-12
0.0605,-0.00124918980962672,-11.7180681202076,-12
0.0606,-0.0011949310960211,-11.7303138663637,-12
0.0607,-0.00114302911620674,-11.742027717023,-12
0.0608,-0.00109338150519334,-11.753232775131,-12
0.0609,-0.00104589034421967,-11.763951140154,-12
0.061,-0.00100046196763244,-11.7742039516656,-12
0.0611,-0.00095700677815315,-11.7840114310396,-12
0.0612,-0.000915439070168699,-11.793392921332,-12
0.0613,-0.000875676860697087,-11.802366925431,-12
0.0614,-0.000837641727695073,-11.8109511425497,-12
0.0615,-0.000801258655388803,-11.8191625031335,-12
0.0616,-0.00076645588632245,-11.8270172022521,-12
0.0617,-0.000733164779833059,-11.8345307315403,-12
0.0618,-0.000701319676672485,-11.8417179097519,-12
0.0619,-0.00067085776950946,-11.8485929119862,-12
0.062,-0.000641718979056371,-11.8551692976456,-12
0.0621,-0.000613845835576468,-11.8614600371779,-12
0.0622,-0.000587183365537786,-11.867477537658,-12
0.0623,-0.000561678983190261,-11.873233667258,-12
0.0624,-0.000537282386852175,-11.8787397786546,-12
0.0625,-0.000513945459701416,-11.8840067314193,-12
0.0626,-0.000491622174875873,-11.8890449134371,-12
0.0627,-0.000470268504695787,-11.8938642613936,-12
0.0628,-0.000449842333829037,-11.8984742803735,-12
0.0629,-0.000430303376228114,-11.9028840626069,-12
0.063,-0.000411613095674917,-11.9071023054017,-12
0.0631,-0.000393734629776719,-11.9111373282971,-12
0.0632,-0.00037663271726336,-11.9149970894722,-12
0.0633,-0.000360273628442299,-11.9186892014417,-12
0.0634,-0.000344625098674351,-11.9222209460695,-12
0.0635,-0.00032965626473892,-11.925599288931,-12
0.0636,-0.000315337603963212,-11.928830893051,-12
0.0637,-0.000301640875995382,-11.931922132045,-12
0.0638,-0.000288539067106759,-11.9348791026896,-12
0.0639,-0.000276006336913325,-11.9377076369472,-12
0.064,-0.000264017967411343,-11.9404133134682,-12
0.0641,-0.000252550314226628,-11.9430014685937,-12
0.0642,-0.000241580759981325,-11.9454772068801,-12
0.0643,-0.000231087669686187,-11.9478454111668,-12
0.0644,-0.000221050348070407,-11.9501107522063,-12
0.0645,-0.000211448998764834,-11.9522776978766,-12
0.0646,-0.000202264685258066,-11.9543505219927,-12
0.0647,-0.000193479293548421,-11.956333312736,-12
0.0648,-0.000185075496418131,-11.9582299807174,-12
0.0649,-0.000177036719259281,-11.9600442666895,-12
0.065,-0.000169347107384106,-11.9617797489252,-12
0.0651,-0.000161991494755175,-11.9634398502746,-12
0.0652,-0.000154955374073771,-11.9650278449159,-12
0.0653,-0.000148224868167496,-11.9665468648128,-12
0.0654,-0.000141786702620662,-11.9679999058919,-12
0.0655,-0.000135628179593471,-11.9693898339514,-12
0.0656,-0.000129737152778372,-11.9707193903131,-12
0.0657,-0.000124102003444192,-11.9719911972293,-12
0.0658,-0.000118711617520789,-11.9732077630541,-12
0.0659,-0.000113555363679034,-11.9743714871914,-12
0.066,-0.000108623072362899,-11.9754846648263,-12
0.0661,-0.000103905015732287,-11.9765494914524,-12
0.0662,-9.93918884770415E-05,-11.9775680672019,-12
0.0663,-9.50747894643061E-05,-11.9785424009873,-12
0.0664,-9.09452041830373E-05,-11.9794744144638,-12
0.0665,-8.69949879510303E-05,-11.9803659458192,-12
0.0666,-8.321634985137E-05,-11.9812187533996,-12
0.0667,-7.96018373665827E-05,-11.9820345191769,-12
0.0668,-7.61443216802134E-05,-11.9828148520663,-12
0.0669,-7.28369836168364E-05,-11.9835612910999,-12
0.067,-6.96733001927572E-05,-11.9842753084614,-12
0.0671,-6.66470317508872E-05,-11.9849583123901,-12
0.0672,-6.3752209654416E-05,-11.9856116499585,-12
0.0673,-6.09831245150146E-05,-11.9862366097284,-12
0.0674,-5.83343149323483E-05,-11.9868344242932,-12
0.0675,-5.580055672268E-05,-11.9874062727082,-12
0.0676,-5.33768526153446E-05,-11.9879532828163,-12
0.0677,-5.10584223967465E-05,-11.9884765334724,-12
0.0678,-4.88406934824607E-05,-11.9889770566714,-12
0.0679,-4.67192918988379E-05,-11.989455839583,-12
0.068,-4.46900336563115E-05,-11.9899138264995,-12
0.0681,-4.27489164974263E-05,-11.9903519206974,-12
0.0682,-4.08921120032748E-05,-11.9907709862195,-12
0.0683,-3.91159580427954E-05,-11.9911718495785,-12
0.0684,-3.74169515500489E-05,-11.9915553013879,-12
0.0685,-0.0000357917416151999,-11.9919220979203,-12
0.0686,-3.4237122875597E-05,-11.9922729625997,-12
0.0687,-3.27500291939117E-05,-11.9926085874283,-12
0.0688,-3.13275276108716E-05,-11.9929296343508,-12
0.0689,-2.99668125606571E-05,-11.9932367365604,-12
0.069,-2.86652003375467E-05,-11.9935304997473,-12
0.0691,-2.74201238029069E-05,-11.9938115032938,-12
0.0692,-2.6229127322088E-05,-11.9940803014164,-12
0.0693,-2.50898619212411E-05,-11.9943374242591,-12
0.0694,-2.40000806544853E-05,-11.9945833789393,-12
0.0695,-2.29576341723161E-05,-11.9948186505474,-12
0.0696,-2.19604664824902E-05,-11.995043703104,-12
0.0697,-2.1006610895044E-05,-11.9952589804748,-12
0.0698,-2.00941861434322E-05,-11.9954649072464,-12
0.0699,-1.92213926741579E-05,-11.995661889563,-12
0.07,-1.8386509097552E-05,-11.9958503159283,-12
0.0701,-1.75878887927226E-05,-11.996030557971,-12
0.0702,-1.68239566599605E-05,-11.9962029711783,-12
0.0703,-1.60932060142075E-05,-11.9963678955964,-12
0.0704,-1.53941956134564E-05,-11.996525656502,-12
0.0705,-1.47255468162254E-05,-11.9966765650431,-12
0.0706,-1.40859408624969E-05,-11.996820918853,-12
0.0707,-1.34741162727607E-05,-11.9969590026372,-12
0.0708,-1.28888663600212E-05,-11.9970910887351,-12
0.0709,-1.23290368498824E-05,-11.9972174376569,-12
0.071,-1.1793523604003E-05,-11.9973382985977,-12
0.0711,-1.12812704424275E-05,-11.9974539099285,-12
0.0712,-1.07912670605076E-05,-11.9975644996668,-12
0.0713,-1.03225470363007E-05,-11.997670285926,-12
0.0714,-9.87418592452372E-06,-11.997771477346,-12
0.0715,-9.44529943328732E-06,-11.9978682735041,-12
0.0716,-9.03504168003082E-06,-11.997960865309,-12
0.0717,-8.64260352320727E-06,-11.9980494353774,-12
0.0718,-8.26721096643624E-06,-11.9981341583939,-12
0.0719,-7.90812363196395E-06,-11.9982152014557,-12
0.072,-7.56463330043502E-06,-11.998292724402,-12
0.0721,-7.23606251408981E-06,-11.9983668801295,-12
0.0722,-6.92176324063411E-06,-11.9984378148938,-12
0.0723,-6.62111559513449E-06,-11.9985056685978,-12
0.0724,-6.33352661743402E-06,-11.9985705750677,-12
0.0725,-6.05842910267612E-06,-11.9986326623171,-12
0.0726,-5.79528048261892E-06,-11.998692052799,-12
0.0727,-5.54356175553338E-06,-11.9987488636481,-12
0.0728,-5.30277646260388E-06,-11.9988032069108,-12
0.0729,-5.07244970876002E-06,-11.9988551897672,-12
0.073,-4.8521272260588E-06,-11.9989049147417,-12
0.0731,-4.64137447773894E-06,-11.9989524799059,-12
0.0732,-4.43977580120247E-06,-11.9989979790712,-12
0.0733,-4.24693358820662E-06,-11.9990415019746,-12
0.0734,-4.06246750066814E-06,-11.9990831344553,-12
0.0735,-3.88601372053842E-06,-11.999122958624,-12
0.0736,-3.71722423225038E-06,-11.999161053025,-12
0.0737,-3.5557661363373E-06,-11.999197492791,-12
0.0738,-3.40132099285867E-06,-11.9992323497913,-12
0.0739,-3.25358419335615E-06,-11.9992656927734,-12
0.074,-3.112264360078E-06,-11.9992975874989,-12
0.0741,-2.97708277129914E-06,-11.9993280968731,-12
0.0742,-2.84777281161112E-06,-11.9993572810688,-12
0.0743,-2.72407944607295E-06,-11.9993851976453,-12
0.0744,-2.60575871721827E-06,-11.9994119016619,-12
0.0745,-2.49257726390795E-06,-11.9994374457862,-12
0.0746,-2.38431186106865E-06,-11.9994618803983,-12
0.0747,-2.28074897943884E-06,-11.99948525369,-12
0.0748,-2.18168436442468E-06,-11.9995076117599,-12
0.0749,-2.08692263325972E-06,-11.9995289987042,-12
0.075,-1.99627688965037E-06,-11.999549456704,-12
0.0751,-1.9095683551653E-06,-11.9995690261079,-12
0.0752,-1.82662601663694E-06,-11.9995877455124,-12
0.0753,-1.74728628887635E-06,-11.9996056518373,-12
0.0754,-1.67139269203929E-06,-11.9996227803987,-12
0.0755,-1.59879554300161E-06,-11.9996391649789,-12
0.0756,-1.52935166014316E-06,-11.9996548378928,-12
0.0757,-1.46292408095661E-06,-11.9996698300518,-12
0.0758,-1.39938179191759E-06,-11.9996841710245,-12
0.0759,-1.33859947008915E-06,-11.9996978890952,-12
0.076,-1.28045723595292E-06,-11.9997110113199,-12
0.0761,-1.2248404169722E-06,-11.9997235635791,-12
0.0762,-1.17163932142674E-06,-11.9997355706293,-12
0.0763,-1.1207490220724E-06,-11.9997470561518,-12
0.0764,-1.07206914918862E-06,-11.9997580427993,-12
0.0765,-1.02550369262516E-06,-11.9997685522403,-12
0.0766,-9.80960812447335E-07,-11.9997786052025,-12
0.0767,-9.38352657798589E-07,-11.999788221513,-12
0.0768,-8.97595193635112E-07,-11.9997974201379,-12
0.0769,-8.58608034989032E-07,-11.9998062192193,-12
0.077,-8.21314288419046E-07,-11.9998146361116,-12
0.0771,-7.85640400361131E-07,-11.9998226874151,-12
0.0772,-7.51516012057891E-07,-11.9998303890092,-12
0.0773,-7.18873820795807E-07,-11.9998377560837,-12
0.0774,-6.87649447163636E-07,-11.9998448031683,-12
0.0775,-6.57781308074874E-07,-11.999851544162,-12
0.0776,-6.29210495314396E-07,-11.9998579923597,-12
0.0777,-6.01880659353924E-07,-11.9998641604792,-12
0.0778,-5.75737898211485E-07,-11.9998700606856,-12
0.0779,-5.50730651144135E-07,-11.9998757046159,-12
0.078,-5.26809596955502E-07,-11.9998811034013,-12
0.0781,-5.03927556723766E-07,-11.9998862676898,-12
0.0782,-4.82039400748135E-07,-11.9998912076669,-12
0.0783,-4.61101959543555E-07,-11.9998959330753,-12
0.0784,-4.41073938695666E-07,-11.9999004532351,-12
0.0785,-4.21915837419533E-07,-11.9999047770612,-12
0.0786,-4.03589870652041E-07,-11.9999089130814,-12
0.0787,-3.86059894525914E-07,-11.999912869453,-12
0.0788,-3.69291335088775E-07,-11.9999166539791,-12
0.0789,-3.53251120112219E-07,-11.9999202741239,-12
0.079,-3.37907613864274E-07,-11.9999237370272,-12
0.0791,-3.2323055471636E-07,-11.9999270495189,-12
0.0792,-3.09190995452297E-07,-11.9999302181321,-12
0.0793,-2.95761246187851E-07,-11.9999332491162,-12
0.0794,-2.82914819750601E-07,-11.9999361484491,-12
0.0795,-2.70626379440131E-07,-11.9999389218492,-12
0.0796,-2.58871689059674E-07,-11.9999415747862,-12
0.0797,-2.47627565114214E-07,-11.9999441124926,-12
0.0798,-2.36871831090468E-07,-11.9999465399734,-12
0.0799,-2.26583273707632E-07,-11.9999488620163,-12
0.08,-2.16741601092423E-07,-11.999951083201,-12
0.0801,-2.07327402749513E-07,-11.9999532079082,-12
0.0802,-1.98322111281044E-07,-11.9999552403286,-12
0.0803,-1.89707965764967E-07,-11.9999571844704,-12
0.0804,-1.81467976728555E-07,-11.9999590441683,-12
0.0805,-1.73585892639352E-07,-11.9999608230899,-12
0.0806,-1.66046167851306E-07,-11.9999625247439,-12
0.0807,-1.58833931945281E-07,-11.9999641524863,-12
0.0808,-1.51934960400837E-07,-11.9999657095275,-12
0.0809,-1.45335646540303E-07,-11.9999671989384,-12
0.081,-1.39022974697411E-07,-11.9999686236566,-12
0.0811,-1.32984494538704E-07,-11.999969986492,-12
0.0812,-1.27208296513004E-07,-11.9999712901324,-12
0.0813,-1.21682988367127E-07,-11.9999725371491,-12
0.0814,-1.16397672666579E-07,-11.9999737300014,-12
0.0815,-1.11341925311308E-07,-11.999974871042,-12
0.0816,-1.06505774969463E-07,-11.9999759625215,-12
0.0817,-1.01879683416541E-07,-11.9999770065923,-12
0.0818,-9.74545267246184E-08,-11.9999780053138,-12
0.0819,-9.32215772644439E-08,-11.9999789606558,-12
0.082,-8.91724864872855E-08,-11.9999798745023,-12
0.0821,-8.5299268471175E-08,-11.9999807486558,-12
0.0822,-8.15942841607863E-08,-11.9999815848403,-12
0.0823,-7.80502263037873E-08,-11.999982384705,-12
0.0824,-7.46601050377648E-08,-11.9999831498276,-12
0.0825,-7.14172341089635E-08,-11.9999838817169,-12
0.0826,-6.83152176796397E-08,-11.9999845818165,-12
0.0827,-6.53479377169219E-08,-11.9999852515072,-12
0.0828,-6.25095419280796E-08,-11.9999858921099,-12
0.0829,-5.9794432211504E-08,-11.9999865048878,-12
0.083,-5.71972536219788E-08,-11.9999870910497,-12
0.0831,-5.47128838080367E-08,-11.9999876517516,-12
0.0832,-5.23364229073308E-08,-11.9999881880993,-12
0.0833,-5.00631838819742E-08,-11.9999887011506,-12
0.0834,-4.78886832753743E-08,-11.9999891919176,-12
0.0835,-4.5808632371802E-08,-11.999989661368,-12
0.0836,-4.38189287379486E-08,-11.9999901104277,-12
0.0837,-4.19156481295601E-08,-11.9999905399825,-12
0.0838,-4.00950367512109E-08,-11.9999909508796,-12
0.0839,-3.83535038541537E-08,-11.9999913439292,-12
0.084,-3.6687614655193E-08,-11.9999917199067,-12
0.0841,-3.50940835605228E-08,-11.9999920795536,-12
0.0842,-3.35697676851509E-08,-11.9999924235792,-12
0.0843,-3.21116606599502E-08,-11.999992752662,-12
0.0844,-3.07168866943641E-08,-11.999993067451,-12
0.0845,-2.9382694906701E-08,-11.9999933685671,-12
0.0846,-2.81064539043995E-08,-11.9999936566042,-12
0.0847,-2.68856465876865E-08,-11.9999939321304,-12
0.0848,-2.57178651877154E-08,-11.9999941956891,-12
0.0849,-2.46008065198566E-08,-11.9999944478,-12
0.085,-2.35322674339499E-08,-11.9999946889605,-12
0.0851,-2.25101404761573E-08,-11.9999949196462,-12
0.0852,-2.15324097278823E-08,-11.999995140312,-12
0.0853,-2.05971468358256E-08,-11.9999953513932,-12
0.0854,-1.97025072037604E-08,-11.999995553306,-12
0.0855,-1.88467263546954E-08,-11.9999957464487,-12
0.0856,-1.80281164519158E-08,-11.9999959312022,-12
0.0857,-1.72450629715114E-08,-11.9999961079309,-12
0.0858,-1.64960215174403E-08,-11.9999962769834,-12
0.0859,-1.57795147721628E-08,-11.9999964386931,-12
0.086,-1.50941295855488E-08,-11.9999965933789,-12
0.0861,-1.44385141882707E-08,-11.999996741346,-12
0.0862,-1.38113755259894E-08,-11.999996882886,-12
0.0863,-1.32114767100688E-08,-11.9999970182782,-12
0.0864,-1.26376345747302E-08,-11.9999971477897,-12
0.0865,-1.20887173432037E-08,-11.9999972716758,-12
0.0866,-1.15636423998921E-08,-11.9999973901809,-12
0.0867,-1.10613741520637E-08,-11.9999975035387,-12
0.0868,-1.05809219897423E-08,-11.9999976119728,-12
0.0869,-1.01213383277354E-08,-11.9999977156971,-12
0.087,-9.68171674088573E-09,-11.9999978149161,-12
0.0871,-9.26119017265129E-09,-11.9999979098255,-12
0.0872,-8.85892922838131E-09,-11.9999980006124,-12
0.0873,-8.47414053765754E-09,-11.9999980874561,-12
0.0874,-8.10606519181072E-09,-11.9999981705277,-12
0.0875,-7.7539772436807E-09,-11.999998249991,-12
0.0876,-7.41718227885706E-09,-11.9999983260029,-12
0.0877,-7.09501604433165E-09,-11.9999983987132,-12
0.0878,-6.78684314010518E-09,-11.9999984682653,-12
0.0879,-6.49205576451088E-09,-11.9999985347963,-12
0.088,-6.21007251595522E-09,-11.9999985984376,-12
0.0881,-5.94033724496505E-09,-11.9999986593147,-12
0.0882,-5.68231795725176E-09,-11.9999987175475,-12
0.0883,-5.43550576992395E-09,-11.999998773251,-12
0.0884,-5.19941389924832E-09,-11.999998826535,-12
0.0885,-4.97357670838021E-09,-11.9999988775046,-12
0.0886,-4.75754878522132E-09,-11.9999989262603,-12
0.0887,-4.55090406106244E-09,-11.9999989728983,-12
0.0888,-4.35323497470101E-09,-11.9999990175106,-12
0.0889,-4.1641516726542E-09,-11.9999990601852,-12
0.089,-3.98328122969354E-09,-11.9999991010061,-12
0.0891,-3.81026691655955E-09,-11.9999991400541,-12
0.0892,-3.64476749879821E-09,-11.9999991774059,-12
0.0893,-3.48645656842444E-09,-11.9999992131354,-12
0.0894,-3.33502189150175E-09,-11.999999247313,-12
0.0895,-3.19016479991767E-09,-11.999999280006,-12
0.0896,-3.05159959424366E-09,-11.999999311279,-12
0.0897,-2.91905298482214E-09,-11.9999993411937,-12
0.0898,-2.79226355374356E-09,-11.9999993698091,-12
0.0899,-2.67098123714498E-09,-11.9999993971815,-12
0.09,-2.55496683294603E-09,-11.999999423365,-12
0.0901,-2.44399152876433E-09,-11.9999994484112,-12
0.0902,-2.3378364494419E-09,-11.9999994723695,-12
0.0903,-2.23629223057735E-09,-11.9999994952872,-12
0.0904,-2.13915860058471E-09,-11.9999995172095,-12
0.0905,-2.04624398264734E-09,-11.9999995381795,-12
0.0906,-1.9573651212567E-09,-11.9999995582388,-12
0.0907,-1.87234672353036E-09,-11.9999995774267,-12
0.0908,-1.79102111076184E-09,-11.9999995957812,-12
0.0909,-1.71322788617083E-09,-11.9999996133385,-12
0.091,-1.63881362112754E-09,-11.9999996301332,-12
0.0911,-1.56763154905086E-09,-11.9999996461984,-12
0.0912,-1.49954127905965E-09,-11.9999996615659,-12
0.0913,-1.43440851815051E-09,-11.9999996762658,-12
0.0914,-1.37210480758647E-09,-11.9999996903272,-12
0.0915,-1.3125072675279E-09,-11.9999997037779,-12
0.0916,-1.25549835431109E-09,-11.9999997166443,-12
0.0917,-1.20096563165355E-09,-11.9999997289519,-12
0.0918,-1.14880154242762E-09,-11.9999997407249,-12
0.0919,-1.09890320629795E-09,-11.9999997519866,-12
0.092,-1.05117221039557E-09,-11.9999997627591,-12
0.0921,-1.00551441846612E-09,-11.9999997730637,-12
0.0922,-9.61839778739138E-10,-11.9999997829207,-12
0.0923,-9.20062152402967E-10,-11.9999997923495,-12
0.0924,-8.80099140942936E-10,-11.9999998013689,-12
0.0925,-8.41871926837646E-10,-11.9999998099964,-12
0.0926,-8.05305114965838E-10,-11.9999998182493,-12
0.0927,-7.70326587371462E-10,-11.9999998261436,-12
0.0928,-7.3686735774452E-10,-11.9999998336951,-12
0.0929,-7.04861432865234E-10,-11.9999998409186,-12
0.093,-6.74245686837982E-10,-11.9999998478283,-12
0.0931,-6.44959738167406E-10,-11.9999998544379,-12
0.0932,-6.16945829108251E-10,-11.9999998607604,-12
0.0933,-5.90148708567928E-10,-11.9999998668083,-12
0.0934,-5.64515523961906E-10,-11.9999998725935,-12
0.0935,-5.39995721595621E-10,-11.9999998781274,-12
0.0936,-5.16540940793609E-10,-11.999999883421,-12
0.0937,-4.94104919823646E-10,-11.9999998884846,-12
0.0938,-4.72643411484275E-10,-11.9999998933283,-12
0.0939,-4.52114086613098E-10,-11.9999998979616,-12
0.094,-4.32476455074426E-10,-11.9999999023936,-12
0.0941,-4.13691784473191E-10,-11.9999999066332,-12
0.0942,-3.95723028674344E-10,-11.9999999106886,-12
0.0943,-3.78534747085202E-10,-11.9999999145678,-12
0.0944,-3.62093041132927E-10,-11.9999999182786,-12
0.0945,-3.46365485057665E-10,-11.9999999218282,-12
0.0946,-3.31321059405743E-10,-11.9999999252236,-12
0.0947,-3.16930089070344E-10,-11.9999999284715,-12
0.0948,-3.03164191137673E-10,-11.9999999315783,-12
0.0949,-2.89996215769794E-10,-11.9999999345502,-12
0.095,-2.77400191919175E-10,-11.9999999373931,-12
0.0951,-2.65351278443338E-10,-11.9999999401124,-12
0.0952,-2.5382571081416E-10,-11.9999999427136,-12
0.0953,-2.42800757348438E-10,-11.9999999452019,-12
0.0954,-2.32254676006893E-10,-11.999999947582,-12
0.0955,-2.22166665366719E-10,-11.9999999498588,-12
0.0956,-2.12516828383902E-10,-11.9999999520367,-12
0.0957,-2.03286132460723E-10,-11.99999995412,-12
0.0958,-1.94456373492291E-10,-11.9999999561128,-12
0.0959,-1.86010137639347E-10,-11.999999958019,-12
0.096,-1.77930765374801E-10,-11.9999999598425,-12
0.0961,-1.70202321072499E-10,-11.9999999615867,-12
0.0962,-1.62809563448651E-10,-11.9999999632552,-12
0.0963,-1.55737910745235E-10,-11.9999999648512,-12
0.0964,-1.48973416855758E-10,-11.9999999663779,-12
0.0965,-1.42502737787642E-10,-11.9999999678383,-12
0.0966,-1.36313111909137E-10,-11.9999999692353,-12
0.0967,-1.30392334369778E-10,-11.9999999705715,-12
0.0968,-1.24728728820789E-10,-11.9999999718497,-12
0.0969,-1.19311123256627E-10,-11.9999999730725,-12
0.097,-1.14128832819849E-10,-11.9999999742421,-12
0.0971,-1.09171634932115E-10,-11.9999999753609,-12
0.0972,-1.04429752099056E-10,-11.9999999764311,-12
0.0973,-9.98938335782684E-11,-11.9999999774548,-12
0.0974,-9.55549329261673E-11,-11.999999978434,-12
0.0975,-9.14044923660429E-11,-11.9999999793708,-12
0.0976,-8.74343291456414E-11,-11.9999999802668,-12
0.0977,-8.36366115208209E-11,-11.9999999811239,-12
0.0978,-8.0003847671084E-11,-11.9999999819438,-12
0.0979,-7.65288731940261E-11,-11.9999999827281,-12
0.098,-7.32048343365266E-11,-11.9999999834783,-12
0.0981,-7.00251766260651E-11,-11.9999999841959,-12
0.0982,-6.69836281019132E-11,-11.9999999848823,-12
0.0983,-6.4074190504404E-11,-11.999999985539,-12
0.0984,-6.12911233587754E-11,-11.9999999861671,-12
0.0985,-5.86289367276338E-11,-11.9999999867679,-12
0.0986,-5.60823831107671E-11,-11.9999999873427,-12
0.0987,-5.36464403921189E-11,-11.9999999878924,-12
0.0988,-5.13163031711672E-11,-11.9999999884183,-12
0.0989,-4.90873746627374E-11,-11.9999999889214,-12
0.099,-4.69552604442259E-11,-11.9999999894026,-12
0.0991,-4.49157566605907E-11,-11.9999999898629,-12
0.0992,-4.29648392241022E-11,-11.9999999903032,-12
0.0993,-4.10986584142181E-11,-11.9999999907244,-12
0.0994,-3.93135374564979E-11,-11.9999999911273,-12
0.0995,-3.76059529116235E-11,-11.9999999915126,-12
0.0996,-3.59725379438958E-11,-11.9999999918813,-12
0.0997,-3.44100698156824E-11,-11.9999999922339,-12
0.0998,-3.29154678978982E-11,-11.9999999925712,-12
0.0999,-3.14857817328873E-11,-11.9999999928939,-12
0.1,-3.01181928818339E-11,-11.9999999932026,12
0.1001,0.0212581449079104,-11.8994674552754,12
0.1002,0.0372542220709886,-11.6110607310743,12
0.1003,0.0491023080505023,-11.1821758815611,12
0.1004,0.0576873580603482,-10.6501424317468,12
0.1005,0.063712044522147,-10.0442949943969,12
0.1006,0.0677340327624627,-9.38762134040618,12
0.1007,0.070195645718833,-8.69807339390527,12
0.1008,0.0714474711694779,-7.98960997887277,12
0.1009,0.0717671479283429,-7.27302609536935,12
0.101,0.0713743150877711,-6.55661232219632,12
0.1011,0.0704425075377074,-5.84667904359173,12
0.1012,0.0691086211306983,-5.14797311473674,12
0.1013,0.0674804436293628,-4.46400894363976,12
0.1014,0.0656426463083952,-3.79733148034421,12
0.1015,0.063661550486522,-3.14972503353597,12
0.1016,0.0615889191169094,-2.52237899260339,12
0.1017,0.0594649725099544,-1.9160192712706,12
0.1018,0.0573207866280769,-1.33101248868559,12
0.1019,0.055180200051324,-0.767448471067771,12
0.102,0.0530613299726012,-0.225205516705126,12
0.1021,0.0509777770949627,0.295998040453727,12
0.1022,0.0489395829983599,0.796563155650358,12
0.1023,0.046953990566165,1.2769780484835,12
0.1024,0.0450260477334229,1.73779304774726,12
0.1025,0.0431590865985374,2.17960088937734,12
0.1026,0.0413551033977013,2.60302134068693,12
0.1027,0.0396150596343908,3.00868925465597,12
0.1028,0.0379391205120936,3.39724534153194,12
0.1029,0.0363268435202165,3.76932909101938,12
0.103,0.0347773273981479,4.12557339452841,12
0.1031,0.0332893296133362,4.46660050940802,12
0.1032,0.0318613588266069,4.79301908065379,12
0.1033,0.0304917474947332,5.10542199410843,12
0.1034,0.0291787087072214,5.40438488173652,12
0.1035,0.0279203805162245,5.69046513659576,12
0.1036,0.0267148603515782,5.96420132458926,12
0.1037,0.0255602315822223,6.22611290351508,12
0.1038,0.0244545838629409,6.47670017856215,12
0.1039,0.0233960285692853,6.71644443821501,12
0.104,0.0223827103561384,6.94580822630504,12
0.1041,0.0214128156626127,7.16523571530282,12
0.1042,0.0204845788166945,7.37515315337944,12
0.1043,0.0195962862583793,7.57596936366738,12
0.1044,0.0187462792929125,7.76807627883677,12
0.1045,0.0179329557005453,7.95184949781935,12
0.1046,0.017154770461445,8.12764885445895,12
0.1047,0.0164102358005188,8.29581899020085,12
0.1048,0.0156979207140664,8.45668992477928,12
0.1049,0.0150164501061287,8.61057762032174,12
0.105,0.0143645036353414,8.75778453544041,12
0.1051,0.0137408143516081,8.89860016678864,12
0.1052,0.0131441671848436,9.03330157627306,12
0.1053,0.0125733973344888,9.16215390267125,12
0.1054,0.0120273885977576,9.28541085684144,12
0.1055,0.0115050716660583,9.40331520005005,12
0.1056,0.0110054224122875,9.51609920520617,12
0.1057,0.0105274601863575,9.62398510099349,12
0.1058,0.0100702461321029,9.72718549904445,12
0.1059,0.00963288153538376,9.82590380441681,12
0.106,0.00921450621058464,9.92033460971916,12
0.1061,0.00881429693064826,10.0106640732936,12
0.1062,0.00843146590417208,10.0970702819086,12
0.1063,0.00806525930183551,10.1797235984427,12
0.1064,0.00771495583344743,10.2587869950602,12
0.1065,0.007379865376147,10.3344163723873,12
0.1066,0.00705932765371023,10.4067608651999,12
0.1067,0.00675271096647289,10.4759631351333,12
0.1068,0.00645941097104844,10.5421596509158,12
0.1069,0.00617884950877447,10.60548095662,12
0.107,0.00591047348164346,10.6660519284128,12
0.1071,0.00565375377434973,10.7239920202739,12
0.1072,0.00540818422100227,10.7794154991369,12
0.1073,0.00517328061500319,10.8324316698924,12
0.1074,0.00494857976056701,10.8831450906797,12
0.1075,0.00473363856435071,10.9316557788743,12
0.1076,0.00452803316567413,10.9780594081674,12
0.1077,0.00433135810383107,11.0224474971154,12
0.1078,0.00414322552102045,11.0649075895238,12
0.1079,0.0039632643994623,11.1055234270159,12
0.108,0.00379111983130261,11.1443751141212,12
0.1081,0.0036264523199538,11.1815392762048,12
0.1082,0.00346893711156171,11.2170892105479,12
0.1083,0.00331826355533545,11.2510950308731,12
0.1084,0.00317413449152211,11.2836238055985,12
0.1085,0.0030362656658541,11.3147396900918,12
0.1086,0.00290438516934174,11.3445040531839,12
0.1087,0.00277823290232841,11.37297559819,12
0.1088,0.00265756006176859,11.4002104786774,12
0.1089,0.00254212865073159,11.4262624092061,12
0.109,0.00243171100917467,11.4511827712614,12
0.1091,0.00232608936506885,11.4750207145863,12
0.1092,0.00222505540499928,11.4978232541138,12
0.1093,0.00212840986339876,11.5196353626896,12
0.1094,0.00203596212960871,11.5405000597675,12
0.1095,0.00194752987199627,11.5604584962539,12
0.1096,0.00186293867838883,11.5795500356664,12
0.1097,0.00178202171211926,11.5978123317682,12
0.1098,0.00170461938300509,11.6152814028305,12
0.1099,0.00163057903261426,11.6319917026694,12
0.11,0.00155975463319774,11.6479761885977,12
0.1101,0.00149200649969619,11.6632663864251,12
0.1102,0.00142720101425341,11.6778924526354,12
0.1103,0.00136521036269366,11.6918832338632,12
0.1104,0.00130591228244377,11.7052663237865,12
0.1105,0.00124918982140308,11.7180681175498,12
0.1106,0.00119493110728596,11.7303138638213,12
0.1107,0.0011430291269823,11.7420277145911,12
0.1108,0.00109338151550087,11.7532327728047,12
0.1109,0.00104589035407949,11.7639511379287,12
0.111,0.00100046197706399,11.7742039495369,12
0.1111,0.000957006787175043,11.7840114290034,12
0.1112,0.000915439078798721,11.7933929193843,12
0.1113,0.000875676868952261,11.8023669235679,12
0.1114,0.000837641735591678,11.8109511407675,12
0.1115,0.000801258662942417,11.8191625014287,12
0.1116,0.000766455893547973,11.8270172006214,12
0.1117,0.000733164786744741,11.8345307299804,12
0.1118,0.00070131968328396,11.8417179082597,12
0.1119,0.000670857775833766,11.8485929105589,12
0.112,0.000641718985105983,11.8551692962802,12
0.1121,0.000613845841363317,11.8614600358718,12
0.1122,0.000587183371073285,11.8674775364087,12
0.1123,0.000561678988485327,11.873233666063,12
0.1124,0.000537282391917249,11.8787397775114,12
0.1125,0.000513945464546489,11.8840067303258,12
0.1126,0.000491622179510497,11.8890449123911,12
0.1127,0.000470268509129102,11.893864260393,12
0.1128,0.000449842338069788,11.8984742794164,12
0.1129,0.000430303380284663,11.9028840616914,12
0.113,0.000411613099555267,11.9071023045259,12
0.1131,0.000393734633488527,11.9111373274594,12
0.1132,0.000376632720813946,11.9149970886709,12
0.1133,0.000360273631838667,11.9186892006751,12
0.1134,0.000344625101923197,11.9222209453362,12
0.1135,0.000329656267846655,11.9255992882296,12
0.1136,0.000315337606935964,11.9288308923801,12
0.1137,0.000301640878839013,11.9319221314032,12
0.1138,0.000288539069826879,11.9348791020756,12
0.1139,0.0002760063395153,11.9377076363599,12
0.114,0.000264017969900301,11.9404133129065,12
0.1141,0.00025255031660748,11.9430014680564,12
0.1142,0.000241580762258765,11.9454772063661,12
0.1143,0.000231087671864705,11.9478454106751,12
0.1144,0.000221050350154299,11.950110751736,12
0.1145,0.000211449000758209,11.9522776974267,12
0.1146,0.000202264687164858,11.9543505215623,12
0.1147,0.000193479295372393,11.9563333123244,12
0.1148,0.00018507549816288,11.9582299803236,12
0.1149,0.000177036720928249,11.9600442663128,12
0.115,0.000169347108980586,11.9617797485649,12
0.1151,0.000161991496282314,11.96343984993,12
0.1152,0.00015495537553458,11.9650278445862,12
0.1153,0.000148224869564855,11.9665468644974,12
0.1154,0.000141786703957328,11.9679999055902,12
0.1155,0.00013562818087208,11.9693898336628,12
0.1156,0.000129737154001446,11.9707193900371,12
0.1157,0.000124102004614144,11.9719911969652,12
0.1158,0.000118711618639927,11.9732077628015,12
0.1159,0.000113555364749565,11.9743714869498,12
0.116,0.000108623073386935,11.9754846645952,12
0.1161,0.000103905016711846,11.9765494912314,12
0.1162,9.93918894140554E-05,11.9775680669905,12
0.1163,9.50747903606247E-05,11.978542400785,12
0.1164,9.09452050404273E-05,11.9794744142703,12
0.1165,8.6994988771184E-05,11.9803659456341,12
0.1166,8.32163506359049E-05,11.9812187532225,12
0.1167,7.96018381170446E-05,11.9820345190075,12
0.1168,7.61443223980815E-05,11.9828148519043,12
0.1169,7.28369843035239E-05,11.9835612909449,12
0.117,6.96733008496178E-05,11.9842753083131,12
0.1171,6.66470323792161E-05,11.9849583122483,12
0.1172,6.37522102554516E-05,11.9856116498228,12
0.1173,6.09831250899439E-05,11.9862366095987,12
0.1174,5.83343154823046E-05,11.9868344241691,12
0.1175,5.58005572487483E-05,11.9874062725895,12
0.1176,5.33768531185632E-05,11.9879532827027,12
0.1177,5.10584228781076E-05,11.9884765333638,12
0.1178,4.88406939429155E-05,11.9889770565674,12
0.1179,4.67192923392922E-05,11.9894558394836,12
0.118,4.46900340776353E-05,11.9899138264044,12
0.1181,4.27489169004499E-05,11.9903519206065,12
0.1182,4.08921123887932E-05,11.9907709861325,12
0.1183,3.91159584115694E-05,11.9911718494953,12
0.1184,3.74169519028066E-05,11.9915553013083,12
0.1185,3.57917419526371E-05,11.9919220978441,12
0.1186,3.42371231983788E-05,11.9922729625269,12
0.1187,3.2750029502674E-05,11.9926085873586,12
0.1188,3.13275279062227E-05,11.9929296342841,12
0.1189,2.99668128431761E-05,11.9932367364966,12
0.119,2.86652006077884E-05,11.9935304996863,12
0.1191,2.74201240614055E-05,11.9938115032355,12
0.1192,2.62291275693548E-05,11.9940803013606,12
0.1193,2.50898621577645E-05,11.9943374242057,12
0.1194,2.40000808807351E-05,11.9945833788882,12
0.1195,2.29576343887374E-05,11.9948186504985,12
0.1196,2.19604666895089E-05,11.9950437030572,12
0.1197,2.1006611093068E-05,11.9952589804301,12
0.1198,2.00941863328526E-05,11.9954649072036,12
0.1199,1.92213928553512E-05,11.9956618895221,12
0.12,1.83865092708782E-05,11.9958503158892,12
0.1201,1.75878889585245E-05,11.9960305579336,12
0.1202,1.68239568185654E-05,11.9962029711425,12
0.1203,1.60932061659287E-05,11.9963678955622,12
0.1204,1.53941957585903E-05,11.9965256564693,12
0.1205,1.4725546955058E-05,11.9966765650118,12
0.1206,1.40859409953024E-05,11.996820918823,12
0.1207,1.34741163997986E-05,11.9969590026085,12
0.1208,1.288886648154E-05,11.9970910887077,12
0.1209,1.23290369661237E-05,11.9972174376307,12
0.121,1.17935237151955E-05,11.9973382985726,12
0.1211,1.12812705487904E-05,11.9974539099045,12
0.1212,1.07912671622512E-05,11.9975644996438,12
0.1213,1.03225471336261E-05,11.9976702859041,12
0.1214,9.87418601762207E-06,11.997771477325,12
0.1215,9.44529952234183E-06,11.997868273484,12
0.1216,9.03504176522026E-06,11.9979608652898,12
0.1217,8.6426036047009E-06,11.998049435359,12
0.1218,8.26721104439221E-06,11.9981341583763,12
0.1219,7.90812370653575E-06,11.9982152014389,12
0.122,7.56463337176859E-06,11.9982927243859,12
0.1221,7.23606258232556E-06,11.9983668801141,12
0.1222,6.92176330590462E-06,11.9984378148791,12
0.1223,6.62111565756581E-06,11.9985056685837,12
0.1224,6.33352667714979E-06,11.9985705750542,12
0.1225,6.05842915979415E-06,11.9986326623042,12
0.1226,5.79528053725019E-06,11.9986920527867,12
0.1227,5.54356180779002E-06,11.9987488636363,12
0.1228,5.30277651258834E-06,11.9988032068995,12
0.1229,5.0724497565715E-06,11.9988551897564,12
0.123,4.85212727179152E-06,11.9989049147314,12
0.1231,4.64137452148398E-06,11.998952479896,12
0.1232,4.43977584304511E-06,11.9989979790617,12
0.1233,4.24693362822799E-06,11.9990415019655,12
0.1234,4.06246753894797E-06,11.9990831344466,12
0.1235,3.88601375715359E-06,11.9991229586158,12
0.1236,3.7172242672728E-06,11.9991610530171,12
0.1237,3.55576616983589E-06,11.9991974927835,12
0.1238,3.40132102490236E-06,11.999232349784,12
0.1239,3.25358422400632E-06,11.9992656927664,12
0.124,3.11226438939392E-06,11.9992975874923,12
0.1241,2.97708279934062E-06,11.9993280968667,12
0.1242,2.84777283843147E-06,11.9993572810627,12
0.1243,2.72407947172374E-06,11.9993851976395,12
0.1244,2.60575874175109E-06,11.9994119016564,12
0.1245,2.49257728737098E-06,11.9994374457809,12
0.1246,2.38431188351007E-06,11.9994618803933,12
0.1247,2.28074900090383E-06,11.9994852536852,12
0.1248,2.18168438495701E-06,11.9995076117552,12
0.1249,2.08692265289989E-06,11.9995289986998,12
0.125,1.99627690843747E-06,11.9995494566997,12
0.1251,1.90956837313627E-06,11.9995690261039,12
0.1252,1.82662603382772E-06,11.9995877455086,12
0.1253,1.74728630532022E-06,11.9996056518336,12
0.1254,1.67139270776863E-06,11.9996227803951,12
0.1255,1.59879555804741E-06,11.9996391649755,12
0.1256,1.52935167453697E-06,11.9996548378896,12
0.1257,1.46292409472784E-06,11.9996698300487,12
0.1258,1.39938180509196E-06,11.9996841710215,12
0.1259,1.33859948269424E-06,11.9996978890924,12
0.126,1.2804572480153E-06,11.9997110113171,12
0.1261,1.22484042851744E-06,11.9997235635764,12
0.1262,1.17163933247957E-06,11.9997355706268,12
0.1263,1.12074903265003E-06,11.9997470561495,12
0.1264,1.07206915930894E-06,11.999758042797,12
0.1265,1.02550370230651E-06,11.9997685522381,12
0.1266,9.80960821710455E-07,11.9997786052004,12
0.1267,9.38352666663662E-07,11.999788221511,12
0.1268,8.9759520211905E-07,11.999797420136,12
0.1269,8.58608043104767E-07,11.9998062192175,12
0.127,8.21314296181641E-07,11.9998146361098,12
0.1271,7.8564040778565E-07,11.9998226874134,12
0.1272,7.51516019161386E-07,11.9998303890076,12
0.1273,7.18873827592347E-07,11.9998377560821,12
0.1274,6.87649453664307E-07,11.9998448031668,12
0.1275,6.57781314293175E-07,11.9998515441606,12
0.1276,6.29210501263259E-07,11.9998579923584,12
0.1277,6.01880665044576E-07,11.9998641604779,12
0.1278,5.75737903654727E-07,11.9998700606844,12
0.1279,5.50730656350197E-07,11.9998757046147,12
0.128,5.26809601935611E-07,11.9998811034002,12
0.1281,5.03927561488723E-07,11.9998862676888,12
0.1282,4.82039405308882E-07,11.9998912076658,12
0.1283,4.61101963908618E-07,11.9998959330744,12
0.1284,4.41073942874851E-07,11.9999004532342,12
0.1285,4.21915841421509E-07,11.9999047770603,12
0.1286,4.03589874481213E-07,11.9999089130805,12
0.1287,3.86059898190382E-07,11.9999128694522,12
0.1288,3.69291338596781E-07,11.9999166539783,12
0.1289,3.5325112346959E-07,11.9999202741231,12
0.129,3.37907617075558E-07,11.9999237370265,12
0.1291,3.23230557786957E-07,11.9999270495182,12
0.1292,3.09190998390022E-07,11.9999302181314,12
0.1293,2.95761248997252E-07,11.9999332491156,12
0.1294,2.8291482243651E-07,11.9999361484485,12
0.1295,2.70626382008089E-07,11.9999389218486,12
0.1296,2.5887169151423E-07,11.9999415747857,12
0.1297,2.47627567461905E-07,11.9999441124921,12
0.1298,2.36871833331435E-07,11.9999465399729,12
0.1299,2.26583275845854E-07,11.9999488620159,12
0.13,2.16741603130174E-07,11.9999510832006,12
0.1301,2.0732740469191E-07,11.9999532079078,12
0.1302,1.98322113132065E-07,11.9999552403281,12
0.1303,1.89707967530723E-07,11.99995718447,12
0.1304,1.81467978413594E-07,11.9999590441679,12
0.1305,1.73585894247225E-07,11.9999608230895,12
0.1306,1.66046169386135E-07,11.9999625247435,12
0.1307,1.58833933411188E-07,11.9999641524859,12
0.1308,1.51934961802084E-07,11.9999657095272,12
0.1309,1.45335647879307E-07,11.9999671989381,12
0.131,1.39022975973888E-07,11.9999686236563,12
0.1311,1.32984495755779E-07,11.9999699864917,12
0.1312,1.27208297674372E-07,11.9999712901321,12
0.1313,1.2168298947492E-07,11.9999725371488,12
0.1314,1.16397673722503E-07,11.9999737300012,12
0.1315,1.1134192631522E-07,11.9999748710418,12
0.1316,1.06505775922642E-07,11.9999759625212,12
0.1317,1.01879684323251E-07,11.9999770065921,12
0.1318,9.74545275868482E-08,11.9999780053136,12
0.1319,9.32215780816253E-08,11.9999789606556,12
0.132,8.91724872631133E-08,11.9999798745021,12
0.1321,8.5299269205365E-08,11.9999807486556,12
0.1322,8.15942848547595E-08,11.9999815848402,12
0.1323,7.80502269586807E-08,11.9999823847049,12
0.1324,7.46601056581258E-08,11.9999831498274,12
0.1325,7.14172346973501E-08,11.9999838817168,12
0.1326,6.83152182396045E-08,11.9999845818164,12
0.1327,6.53479382535809E-08,11.9999852515071,12
0.1328,6.25095424437066E-08,11.9999858921097,12
0.1329,5.97944327085147E-08,11.9999865048877,12
0.133,5.71972541009418E-08,11.9999870910496,12
0.1331,5.47128842668203E-08,11.9999876517515,12
0.1332,5.23364233422401E-08,11.9999881880992,12
0.1333,5.00631842951409E-08,11.9999887011505,12
0.1334,4.78886836709196E-08,11.9999891919175,12
0.1335,4.58086327518575E-08,11.9999896613679,12
0.1336,4.38189291015195E-08,11.9999901104276,12
0.1337,4.19156484763621E-08,11.9999905399824,12
0.1338,4.00950370813862E-08,11.9999909508795,12
0.1339,3.83535041668497E-08,11.9999913439292,12
0.134,3.66876149519729E-08,11.9999917199067,12
0.1341,3.50940838412444E-08,11.9999920795536,12
0.1342,3.35697679506668E-08,11.9999924235791,12
0.1343,3.21116609129606E-08,11.9999927526619,12
0.1344,3.07168869351531E-08,11.9999930674509,12
0.1345,2.93826951386793E-08,11.9999933685671,12
0.1346,2.81064541296987E-08,11.9999936566042,12
0.1347,2.68856468077277E-08,11.9999939321304,12
0.1348,2.57178654024986E-08,11.999994195689,12
0.1349,2.46008067281027E-08,11.9999944478,12
0.135,2.35322676349486E-08,11.9999946889605,12
0.1351,2.25101406697663E-08,11.9999949196462,12
0.1352,2.15324099139596E-08,11.999995140312,12
0.1353,2.05971470169291E-08,11.9999953513931,12
0.1354,1.97025073794637E-08,11.9999955533059,12
0.1355,1.88467265244301E-08,11.9999957464486,12
0.1356,1.80281166169609E-08,11.9999959312022,12
0.1357,1.7245063133146E-08,11.9999961079309,12
0.1358,1.64960216756642E-08,11.9999962769834,12
0.1359,1.57795149269762E-08,11.9999964386931,12
0.136,1.50941297379464E-08,11.9999965933789,12
0.1361,1.44385143369734E-08,11.9999967413459,12
0.1362,1.38113756700025E-08,11.999996882886,12
0.1363,1.32114768493923E-08,11.9999970182782,12
0.1364,1.26376347092221E-08,11.9999971477897,12
0.1365,1.20887174737166E-08,11.9999972716758,12
0.1366,1.15636425268522E-08,11.9999973901809,12
0.1367,1.10613742767501E-08,11.9999975035387,12
0.1368,1.05809221108759E-08,11.9999976119728,12
0.1369,1.01213384447479E-08,11.9999977156971,12
0.137,9.68171685377708E-09,11.999997814916,12
0.1371,9.26119028113728E-09,11.9999979098254,12
0.1372,8.85892933303037E-09,11.9999980006124,12
0.1373,8.47414063790123E-09,11.9999980874561,12
0.1374,8.1060652886438E-09,11.9999981705276,12
0.1375,7.75397733781372E-09,11.999998249991,12
0.1376,7.41718237085845E-09,11.9999983260029,12
0.1377,7.09501613448563E-09,11.9999983987131,12
0.1378,6.78684322912229E-09,11.9999984682652,12
0.1379,6.49205585239112E-09,11.9999985347963,12
0.138,6.21007260170383E-09,11.9999985984376,12
0.1381,5.94033732829782E-09,11.9999986593147,12
0.1382,5.68231803816868E-09,11.9999987175475,12
0.1383,5.43550584885136E-09,11.999998773251,12
0.1384,5.19941397661253E-09,11.999998826535,12
0.1385,4.97357678489177E-09,11.9999988775046,12
0.1386,4.75754886088023E-09,11.9999989262603,12
0.1387,4.55090413544237E-09,11.9999989728983,12
0.1388,4.35323504780197E-09,11.9999990175106,12
0.1389,4.16415174206033E-09,11.9999990601852,12
0.139,3.98328129384165E-09,11.9999991010061,12
0.1391,3.81026697601808E-09,11.999999140054,12
0.1392,3.64476755484613E-09,11.9999991774059,12
0.1393,3.48645662219862E-09,11.9999992131354,12
0.1394,3.3350219431443E-09,11.9999992473129,12
0.1395,3.19016485042336E-09,11.999999280006,12
0.1396,3.05159964347037E-09,11.999999311279,12
0.1397,2.9190530331962E-09,11.9999993411937,12
0.1398,2.79226360140708E-09,11.999999369809,12
0.1399,2.67098128452428E-09,11.9999993971815,12
0.14,2.55496688004111E-09,11.999999423365,12
0.1401,2.44399157514888E-09,11.9999994484112,12
0.1402,2.33783649596855E-09,11.9999994723695,12
0.1403,2.2362922769619E-09,11.9999994952872,12
0.1404,2.13915864370076E-09,11.9999995172095,12
0.1405,2.04624402363176E-09,11.9999995381795,12
0.1406,1.95736516039371E-09,11.9999995582388,12
0.1407,1.87234676096207E-09,11.9999995774267,12
0.1408,1.79102114719878E-09,11.9999995957812,12
0.1409,1.71322792147091E-09,11.9999996133385,12
0.141,1.63881365600129E-09,11.9999996301332,12
0.1411,1.5676315836404E-09,11.9999996461984,12
0.1412,1.49954131308075E-09,11.9999996615658,12
0.1413,1.4344085520295E-09,11.9999996762658,12
0.1414,1.37210484032859E-09,11.9999996903272,12
0.1415,1.31250729856472E-09,11.9999997037779,12
0.1416,1.25549838378472E-09,11.9999997166443,12
0.1417,1.20096565856922E-09,11.9999997289519,12
0.1418,1.14880156650113E-09,11.9999997407249,12
0.1419,1.09890322639241E-09,11.9999997519866,12
0.142,1.05117222722153E-09,11.9999997627591,12
0.1421,1.00551443287624E-09,11.9999997730637,12
0.1422,9.61839791017629E-10,11.9999997829207,12
0.1423,9.20062161697179E-10,11.9999997923495,12
0.1424,8.8009914810552E-10,11.9999998013689,12
0.1425,8.41871932152818E-10,11.9999998099964,12
0.1426,8.05305119144142E-10,11.9999998182493,12
0.1427,7.70326590697115E-10,11.9999998261436,12
0.1428,7.36867359933304E-10,11.9999998336951,12
0.1429,7.04861434343476E-10,11.9999998409186,12
0.143,6.74245687889898E-10,11.9999998478283,12
0.1431,6.44959738650888E-10,11.9999998544379,12
0.1432,6.16945829449624E-10,11.9999998607604,12
0.1433,5.90148708909301E-10,11.9999998668083,12
0.1434,5.64515524161171E-10,11.9999998725935,12
0.1435,5.39995721794886E-10,11.9999998781274,12
0.1436,5.16540940992873E-10,11.999999883421,12
0.1437,4.94104919880802E-10,11.9999998884846,12
0.1438,4.72643411541431E-10,11.9999998933283,12
0.1439,4.52114086670254E-10,11.9999998979616,12
0.144,4.32476455131583E-10,11.9999999023936,12
0.1441,4.13691784530348E-10,11.9999999066332,12
0.1442,3.957230287315E-10,11.9999999106886,12
0.1443,3.78534747142358E-10,11.9999999145678,12
0.1444,3.62093041190083E-10,11.9999999182786,12
0.1445,3.46365484972712E-10,11.9999999218282,12
0.1446,3.3132105932079E-10,11.9999999252236,12
0.1447,3.16930088985392E-10,11.9999999284715,12
0.1448,3.0316419105272E-10,11.9999999315783,12
0.1449,2.89996215684842E-10,11.9999999345502,12
0.145,2.77400191976331E-10,11.9999999373931,12
0.1451,2.65351278500494E-10,11.9999999401124,12
0.1452,2.53825710871316E-10,11.9999999427136,12
0.1453,2.42800757405594E-10,11.9999999452019,12
0.1454,2.3225467606405E-10,11.999999947582,12
0.1455,2.22166665423875E-10,11.9999999498588,12
0.1456,2.12516828441058E-10,11.9999999520367,12
0.1457,2.03286132517879E-10,11.99999995412,12
0.1458,1.94456373549447E-10,11.9999999561128,12
0.1459,1.86010137696504E-10,11.999999958019,12
0.146,1.77930765431957E-10,11.9999999598425,12
0.1461,1.70202321129655E-10,11.9999999615867,12
0.1462,1.62809563505808E-10,11.9999999632552,12
0.1463,1.55737910802391E-10,11.9999999648512,12
0.1464,1.48973416770806E-10,11.9999999663779,12
0.1465,1.42502737844798E-10,11.9999999678383,12
0.1466,1.36313111824184E-10,11.9999999692353,12
0.1467,1.30392334284825E-10,11.9999999705715,12
0.1468,1.24728728877945E-10,11.9999999718497,12
0.1469,1.19311123313783E-10,11.9999999730725,12
0.147,1.14128832877005E-10,11.9999999742421,12
0.1471,1.09171634989271E-10,11.9999999753609,12
0.1472,1.04429752156212E-10,11.9999999764311,12
0.1473,9.98938336354247E-11,11.9999999774548,12
0.1474,9.55549329833236E-11,11.999999978434,12
0.1475,9.14044924231992E-11,11.9999999793708,12
0.1476,8.74343292027977E-11,11.9999999802668,12
0.1477,8.36366115779772E-11,11.9999999811239,12
0.1478,8.00038477282403E-11,11.9999999819438,12
0.1479,7.65288732511824E-11,11.9999999827281,12
0.148,7.32048343936829E-11,11.9999999834783,12
0.1481,7.00251766832214E-11,11.9999999841959,12
0.1482,6.69836281590695E-11,11.9999999848823,12
0.1483,6.40741905615603E-11,11.999999985539,12
0.1484,6.12911234159317E-11,11.9999999861671,12
0.1485,5.86289367847901E-11,11.9999999867679,12
0.1486,5.60823831679234E-11,11.9999999873427,12
0.1487,5.36464404492752E-11,11.9999999878924,12
0.1488,5.13163032283235E-11,11.9999999884183,12
0.1489,4.90873747198937E-11,11.9999999889214,12
0.149,4.69552605013822E-11,11.9999999894026,12
0.1491,4.4915756717747E-11,11.9999999898629,12
0.1492,4.29648392812586E-11,11.9999999903032,12
0.1493,4.10986584713745E-11,11.9999999907244,12
0.1494,3.93135375136543E-11,11.9999999911273,12
0.1495,3.76059529687799E-11,11.9999999915126,12
0.1496,3.59725380010521E-11,11.9999999918813,12
0.1497,3.44100697307302E-11,11.9999999922339,12
0.1498,3.2915467812946E-11,11.9999999925712,12
0.1499,3.14857816479351E-11,11.9999999928939,12
0.15,3.01181927968817E-11,11.9999999932026,-12
0.1501,-0.0212581449079104,11.8994674552754,-12
0.1502,-0.0372542220709886,11.6110607310743,-12
0.1503,-0.0491023080505023,11.1821758815611,-12
0.1504,-0.0576873580603482,10.6501424317468,-12
0.1505,-0.063712044522147,10.0442949943969,-12
0.1506,-0.0677340327624627,9.38762134040618,-12
0.1507,-0.070195645718833,8.69807339390527,-12
0.1508,-0.0714474711694779,7.98960997887277,-12
0.1509,-0.0717671479283429,7.27302609536935,-12
0.151,-0.0713743150877711,6.55661232219632,-12
0.1511,-0.0704425075377074,5.84667904359173,-12
0.1512,-0.0691086211306983,5.14797311473674,-12
0.1513,-0.0674804436293628,4.46400894363976,-12
0.1514,-0.0656426463083952,3.79733148034421,-12
0.1515,-0.063661550486522,3.14972503353597,-12
0.1516,-0.0615889191169094,2.52237899260339,-12
0.1517,-0.0594649725099544,1.9160192712706,-12
0.1518,-0.0573207866280769,1.33101248868559,-12
0.1519,-0.055180200051324,0.767448471067771,-12
0.152,-0.0530613299726012,0.225205516705126,-12
0.1521,-0.0509777770949627,-0.295998040453727,-12
0.1522,-0.0489395829983599,-0.796563155650358,-12
0.1523,-0.046953990566165,-1.2769780484835,-12
0.1524,-0.0450260477334229,-1.73779304774726,-12
0.1525,-0.0431590865985374,-2.17960088937734,-12
0.1526,-0.0413551033977013,-2.60302134068693,-12
0.1527,-0.0396150596343908,-3.00868925465597,-12
0.1528,-0.0379391205120936,-3.39724534153194,-12
0.1529,-0.0363268435202165,-3.76932909101938,-12
0.153,-0.0347773273981479,-4.12557339452841,-12
0.1531,-0.0332893296133362,-4.46660050940802,-12
0.1532,-0.0318613588266069,-4.79301908065379,-12
0.1533,-0.0304917474947332,-5.10542199410843,-12
0.1534,-0.0291787087072214,-5.40438488173652,-12
0.1535,-0.0279203805162245,-5.69046513659576,-12
0.1536,-0.0267148603515782,-5.96420132458926,-12
0.1537,-0.0255602315822223,-6.22611290351508,-12
0.1538,-0.0244545838629409,-6.47670017856215,-12
0.1539,-0.0233960285692853,-6.71644443821501,-12
0.154,-0.0223827103561384,-6.94580822630504,-12
0.1541,-0.0214128156626127,-7.16523571530282,-12
0.1542,-0.0204845788166945,-7.37515315337944,-12
0.1543,-0.0195962862583793,-7.57596936366738,-12
0.1544,-0.0187462792929125,-7.76807627883677,-12
0.1545,-0.0179329557005453,-7.95184949781935,-12
0.1546,-0.017154770461445,-8.12764885445895,-12
0.1547,-0.0164102358005188,-8.29581899020085,-12
0.1548,-0.0156979207140664,-8.45668992477928,-12
0.1549,-0.0150164501061287,-8.61057762032174,-12
0.155,-0.0143645036353414,-8.75778453544041,-12
0.1551,-0.0137408143516081,-8.89860016678864,-12
0.1552,-0.0131441671848436,-9.03330157627306,-12
0.1553,-0.0125733973344888,-9.16215390267125,-12
0.1554,-0.0120273885977576,-9.28541085684144,-12
0.1555,-0.0115050716660583,-9.40331520005005,-12
0.1556,-0.0110054224122875,-9.51609920520617,-12
0.1557,-0.0105274601863575,-9.62398510099349,-12
0.1558,-0.0100702461321029,-9.72718549904445,-12
0.1559,-0.00963288153538376,-9.82590380441681,-12
0.156,-0.00921450621058464,-9.92033460971916,-12
0.1561,-0.00881429693064826,-10.0106640732936,-12
0.1562,-0.00843146590417208,-10.0970702819086,-12
0.1563,-0.00806525930183551,-10.1797235984427,-12
0.1564,-0.00771495583344743,-10.2587869950602,-12
0.1565,-0.007379865376147,-10.3344163723873,-12
0.1566,-0.00705932765371023,-10.4067608651999,-12
0.1567,-0.00675271096647289,-10.4759631351333,-12
0.1568,-0.00645941097104844,-10.5421596509158,-12
0.1569,-0.00617884950877447,-10.60548095662,-12
0.157,-0.00591047348164346,-10.6660519284128,-12
0.1571,-0.00565375377434973,-10.7239920202739,-12
0.1572,-0.00540818422100227,-10.7794154991369,-12
0.1573,-0.00517328061500319,-10.8324316698924,-12
0.1574,-0.00494857976056701,-10.8831450906797,-12
0.1575,-0.00473363856435071,-10.9316557788743,-12
0.1576,-0.00452803316567413,-10.9780594081674,-12
0.1577,-0.00433135810383107,-11.0224474971154,-12
0.1578,-0.00414322552102045,-11.0649075895238,-12
0.1579,-0.0039632643994623,-11.1055234270159,-12
0.158,-0.00379111983130261,-11.1443751141212,-12
0.1581,-0.0036264523199538,-11.1815392762048,-12
0.1582,-0.00346893711156171,-11.2170892105479,-12
0.1583,-0.00331826355533545,-11.2510950308731,-12
0.1584,-0.00317413449152211,-11.2836238055985,-12
0.1585,-0.0030362656658541,-11.3147396900918,-12
0.1586,-0.00290438516934174,-11.3445040531839,-12
0.1587,-0.00277823290232841,-11.37297559819,-12
0.1588,-0.00265756006176859,-11.4002104786774,-12
0.1589,-0.00254212865073159,-11.4262624092061,-12
0.159,-0.00243171100917467,-11.4511827712614,-12
0.1591,-0.00232608936506885,-11.4750207145863,-12
0.1592,-0.00222505540499928,-11.4978232541138,-12
0.1593,-0.00212840986339876,-11.5196353626896,-12
0.1594,-0.00203596212960871,-11.5405000597675,-12
0.1595,-0.00194752987199627,-11.5604584962539,-12
0.1596,-0.00186293867838883,-11.5795500356664,-12
0.1597,-0.00178202171211926,-11.5978123317682,-12
0.1598,-0.00170461938300509,-11.6152814028305,-12
0.1599,-0.00163057903261426,-11.6319917026694,-12
0.16,-0.00155975463319774,-11.6479761885977,-12
0.1601,-0.00149200649969619,-11.6632663864251,-12
0.1602,-0.00142720101425341,-11.6778924526354,-12
0.1603,-0.00136521036269366,-11.6918832338632,-12
0.1604,-0.00130591228244377,-11.7052663237865,-12
0.1605,-0.00124918982140308,-11.7180681175498,-12
0.1606,-0.00119493110728596,-11.7303138638213,-12
0.1607,-0.0011430291269823,-11.7420277145911,-12
0.1608,-0.00109338151550087,-11.7532327728047,-12
0.1609,-0.00104589035407949,-11.7639511379287,-12
0.161,-0.00100046197706399,-11.7742039495369,-12
0.1611,-0.000957006787175043,-11.7840114290034,-12
0.1612,-0.000915439078798721,-11.7933929193843,-12
0.1613,-0.000875676868952261,-11.8023669235679,-12
0.1614,-0.000837641735591678,-11.8109511407675,-12
0.1615,-0.000801258662942417,-11.8191625014287,-12
0.1616,-0.000766455893547973,-11.8270172006214,-12
0.1617,-0.000733164786744741,-11.8345307299804,-12
0.1618,-0.00070131968328396,-11.8417179082597,-12
0.1619,-0.000670857775833766,-11.8485929105589,-12
0.162,-0.000641718985105983,-11.8551692962802,-12
0.1621,-0.000613845841363317,-11.8614600358718,-12
0.1622,-0.000587183371073285,-11.8674775364087,-12
0.1623,-0.000561678988485327,-11.873233666063,-12
0.1624,-0.000537282391917249,-11.8787397775114,-12
0.1625,-0.000513945464546489,-11.8840067303258,-12
0.1626,-0.000491622179510497,-11.8890449123911,-12
0.1627,-0.000470268509129102,-11.893864260393,-12
0.1628,-0.000449842338069788,-11.8984742794164,-12
0.1629,-0.000430303380284663,-11.9028840616914,-12
0.163,-0.000411613099555267,-11.9071023045259,-12
0.1631,-0.000393734633488527,-11.9111373274594,-12
0.1632,-0.000376632720813946,-11.9149970886709,-12
0.1633,-0.000360273631838667,-11.9186892006751,-12
0.1634,-0.000344625101923197,-11.9222209453362,-12
0.1635,-0.000329656267846655,-11.9255992882296,-12
0.1636,-0.000315337606935964,-11.9288308923801,-12
0.1637,-0.000301640878839013,-11.9319221314032,-12
0.1638,-0.000288539069826879,-11.9348791020756,-12
0.1639,-0.0002760063395153,-11.9377076363599,-12
0.164,-0.000264017969900301,-11.9404133129065,-12
0.1641,-0.00025255031660748,-11.9430014680564,-12
0.1642,-0.000241580762258765,-11.9454772063661,-12
0.1643,-0.000231087671864705,-11.9478454106751,-12
0.1644,-0.000221050350154299,-11.950110751736,-12
0.1645,-0.000211449000758209,-11.9522776974267,-12
0.1646,-0.000202264687164858,-11.9543505215623,-12
0.1647,-0.000193479295372393,-11.9563333123244,-12
0.1648,-0.00018507549816288,-11.9582299803236,-12
0.1649,-0.000177036720928249,-11.9600442663128,-12
0.165,-0.000169347108980586,-11.9617797485649,-12
0.1651,-0.000161991496282314,-11.96343984993,-12
0.1652,-0.00015495537553458,-11.9650278445862,-12
0.1653,-0.000148224869564855,-11.9665468644974,-12
0.1654,-0.000141786703957328,-11.9679999055902,-12
0.1655,-0.00013562818087208,-11.9693898336628,-12
0.1656,-0.000129737154001446,-11.9707193900371,-12
0.1657,-0.000124102004614144,-11.9719911969652,-12
0.1658,-0.000118711618639927,-11.9732077628015,-12
0.1659,-0.000113555364749565,-11.9743714869498,-12
0.166,-0.000108623073386935,-11.9754846645952,-12
0.1661,-0.000103905016711846,-11.9765494912314,-12
0.1662,-9.93918894140554E-05,-11.9775680669905,-12
0.1663,-9.50747903606247E-05,-11.978542400785,-12
0.1664,-9.09452050404273E-05,-11.9794744142703,-12
0.1665,-8.6994988771184E-05,-11.9803659456341,-12
0.1666,-8.32163506359049E-05,-11.9812187532225,-12
0.1667,-7.96018381170446E-05,-11.9820345190075,-12
0.1668,-7.61443223980815E-05,-11.9828148519043,-12
0.1669,-7.28369843035239E-05,-11.9835612909449,-12
0.167,-6.96733008496178E-05,-11.9842753083131,-12
0.1671,-6.66470323792161E-05,-11.9849583122483,-12
0.1672,-6.37522102554516E-05,-11.9856116498228,-12
0.1673,-6.09831250899439E-05,-11.9862366095987,-12
0.1674,-5.83343154823046E-05,-11.9868344241691,-12
0.1675,-5.58005572487483E-05,-11.9874062725895,-12
0.1676,-5.33768531185632E-05,-11.9879532827027,-12
0.1677,-5.10584228781076E-05,-11.9884765333638,-12
0.1678,-4.88406939429155E-05,-11.9889770565674,-12
0.1679,-4.67192923392922E-05,-11.9894558394836,-12
0.168,-4.46900340776353E-05,-11.9899138264044,-12
0.1681,-4.27489169004499E-05,-11.9903519206065,-12
0.1682,-4.08921123887932E-05,-11.9907709861325,-12
0.1683,-3.91159584115694E-05,-11.9911718494953,-12
0.1684,-3.74169519028066E-05,-11.9915553013083,-12
0.1685,-3.57917419526371E-05,-11.9919220978441,-12
0.1686,-3.42371231983788E-05,-11.9922729625269,-12
0.1687,-3.2750029502674E-05,-11.9926085873586,-12
0.1688,-3.13275279062227E-05,-11.9929296342841,-12
0.1689,-2.99668128431761E-05,-11.9932367364966,-12
0.169,-2.86652006077884E-05,-11.9935304996863,-12
0.1691,-2.74201240614055E-05,-11.9938115032355,-12
0.1692,-2.62291275693548E-05,-11.9940803013606,-12
0.1693,-2.50898621577645E-05,-11.9943374242057,-12
0.1694,-2.40000808807351E-05,-11.9945833788882,-12
0.1695,-2.29576343887374E-05,-11.9948186504985,-12
0.1696,-2.19604666895089E-05,-11.9950437030572,-12
0.1697,-2.1006611093068E-05,-11.9952589804301,-12
0.1698,-2.00941863328526E-05,-11.9954649072036,-12
0.1699,-1.92213928553512E-05,-11.9956618895221,-12
0.17,-1.83865092708782E-05,-11.9958503158892,-12
0.1701,-1.75878889585245E-05,-11.9960305579336,-12
0.1702,-1.68239568185654E-05,-11.9962029711425,-12
0.1703,-1.60932061659287E-05,-11.9963678955622,-12
0.1704,-1.53941957585903E-05,-11.9965256564693,-12
0.1705,-1.4725546955058E-05,-11.9966765650118,-12
0.1706,-1.40859409953024E-05,-11.996820918823,-12
0.1707,-1.34741163997986E-05,-11.9969590026085,-12
0.1708,-1.288886648154E-05,-11.9970910887077,-12
0.1709,-1.23290369661237E-05,-11.9972174376307,-12
0.171,-1.17935237151955E-05,-11.9973382985726,-12
0.1711,-1.12812705487904E-05,-11.9974539099045,-12
0.1712,-1.07912671622512E-05,-11.9975644996438,-12
0.1713,-1.03225471336261E-05,-11.9976702859041,-12
0.1714,-9.87418601762207E-06,-11.997771477325,-12
0.1715,-9.44529952234183E-06,-11.997868273484,-12
0.1716,-9.03504176522026E-06,-11.9979608652898,-12
0.1717,-8.6426036047009E-06,-11.998049435359,-12
0.1718,-8.26721104439221E-06,-11.9981341583763,-12
0.1719,-7.90812370653575E-06,-11.9982152014389,-12
0.172,-7.56463337176859E-06,-11.9982927243859,-12
0.1721,-7.23606258232556E-06,-11.9983668801141,-12
0.1722,-6.92176330590462E-06,-11.9984378148791,-12
0.1723,-6.62111565756581E-06,-11.9985056685837,-12
0.1724,-6.33352667714979E-06,-11.9985705750542,-12
0.1725,-6.05842915979415E-06,-11.9986326623042,-12
0.1726,-5.79528053725019E-06,-11.9986920527867,-12
0.1727,-5.54356180779002E-06,-11.9987488636363,-12
0.1728,-5.30277651258834E-06,-11.9988032068995,-12
0.1729,-5.0724497565715E-06,-11.9988551897564,-12
0.173,-4.85212727179152E-06,-11.9989049147314,-12
0.1731,-4.64137452148398E-06,-11.998952479896,-12
0.1732,-4.43977584304511E-06,-11.9989979790617,-12
0.1733,-4.24693362822799E-06,-11.9990415019655,-12
0.1734,-4.06246753894797E-06,-11.9990831344466,-12
0.1735,-3.88601375715359E-06,-11.9991229586158,-12
0.1736,-3.7172242672728E-06,-11.9991610530171,-12
0.1737,-3.55576616983589E-06,-11.9991974927835,-12
0.1738,-3.40132102490236E-06,-11.999232349784,-12
0.1739,-3.25358422400632E-06,-11.9992656927664,-12
0.174,-3.11226438939392E-06,-11.9992975874923,-12
0.1741,-2.97708279934062E-06,-11.9993280968667,-12
0.1742,-2.84777283843147E-06,-11.9993572810627,-12
0.1743,-2.72407947172374E-06,-11.9993851976395,-12
0.1744,-2.60575874175109E-06,-11.9994119016564,-12
0.1745,-2.49257728737098E-06,-11.9994374457809,-12
0.1746,-2.38431188351007E-06,-11.9994618803933,-12
0.1747,-2.28074900090383E-06,-11.9994852536852,-12
0.1748,-2.18168438495701E-06,-11.9995076117552,-12
0.1749,-2.08692265289989E-06,-11.9995289986998,-12
0.175,-1.99627690843747E-06,-11.9995494566997,-12
0.1751,-1.90956837313627E-06,-11.9995690261039,-12
0.1752,-1.82662603382772E-06,-11.9995877455086,-12
0.1753,-1.74728630532022E-06,-11.9996056518336,-12
0.1754,-1.67139270776863E-06,-11.9996227803951,-12
0.1755,-1.59879555804741E-06,-11.9996391649755,-12
0.1756,-1.52935167453697E-06,-11.9996548378896,-12
0.1757,-1.46292409472784E-06,-11.9996698300487,-12
0.1758,-1.39938180509196E-06,-11.9996841710215,-12
0.1759,-1.33859948269424E-06,-11.9996978890924,-12
0.176,-1.2804572480153E-06,-11.9997110113171,-12
0.1761,-1.22484042851744E-06,-11.9997235635764,-12
0.1762,-1.17163933247957E-06,-11.9997355706268,-12
0.1763,-1.12074903265003E-06,-11.9997470561495,-12
0.1764,-1.07206915930894E-06,-11.999758042797,-12
0.1765,-1.02550370230651E-06,-11.9997685522381,-12
0.1766,-9.80960821710455E-07,-11.9997786052004,-12
0.1767,-9.38352666663662E-07,-11.999788221511,-12
0.1768,-8.9759520211905E-07,-11.999797420136,-12
0.1769,-8.58608043104767E-07,-11.9998062192175,-12
0.177,-8.21314296181641E-07,-11.9998146361098,-12
0.1771,-7.8564040778565E-07,-11.9998226874134,-12
0.1772,-7.51516019161386E-07,-11.9998303890076,-12
0.1773,-7.18873827592347E-07,-11.9998377560821,-12
0.1774,-6.87649453664307E-07,-11.9998448031668,-12
0.1775,-6.57781314293175E-07,-11.9998515441606,-12
0.1776,-6.29210501263259E-07,-11.9998579923584,-12
0.1777,-6.01880665044576E-07,-11.9998641604779,-12
0.1778,-5.75737903654727E-07,-11.9998700606844,-12
0.1779,-5.50730656350197E-07,-11.9998757046147,-12
0.178,-5.26809601935611E-07,-11.9998811034002,-12
0.1781,-5.03927561488723E-07,-11.9998862676888,-12
0.1782,-4.82039405308882E-07,-11.9998912076658,-12
0.1783,-4.61101963908618E-07,-11.9998959330744,-12
0.1784,-4.41073942874851E-07,-11.9999004532342,-12
0.1785,-4.21915841421509E-07,-11.9999047770603,-12
0.1786,-4.03589874481213E-07,-11.9999089130805,-12
0.1787,-3.86059898190382E-07,-11.9999128694522,-12
0.1788,-3.69291338596781E-07,-11.9999166539783,-12
0.1789,-3.5325112346959E-07,-11.9999202741231,-12
0.179,-3.37907617075558E-07,-11.9999237370265,-12
0.1791,-3.23230557786957E-07,-11.9999270495182,-12
0.1792,-3.09190998390022E-07,-11.9999302181314,-12
0.1793,-2.95761248997252E-07,-11.9999332491156,-12
0.1794,-2.8291482243651E-07,-11.9999361484485,-12
0.1795,-2.70626382008089E-07,-11.9999389218486,-12
0.1796,-2.5887169151423E-07,-11.9999415747857,-12
0.1797,-2.47627567461905E-07,-11.9999441124921,-12
0.1798,-2.36871833331435E-07,-11.9999465399729,-12
0.1799,-2.26583275845854E-07,-11.9999488620159,-12
0.18,-2.16741603130174E-07,-11.9999510832006,-12
0.1801,-2.0732740469191E-07,-11.9999532079078,-12
0.1802,-1.98322113132065E-07,-11.9999552403281,-12
0.1803,-1.89707967530723E-07,-11.99995718447,-12
0.1804,-1.81467978413594E-07,-11.9999590441679,-12
0.1805,-1.73585894247225E-07,-11.9999608230895,-12
0.1806,-1.66046169386135E-07,-11.9999625247435,-12
0.1807,-1.58833933411188E-07,-11.9999641524859,-12
0.1808,-1.51934961802084E-07,-11.9999657095272,-12
0.1809,-1.45335647879307E-07,-11.9999671989381,-12
0.181,-1.39022975973888E-07,-11.9999686236563,-12
0.1811,-1.32984495755779E-07,-11.9999699864917,-12
0.1812,-1.27208297674372E-07,-11.9999712901321,-12
0.1813,-1.2168298947492E-07,-11.9999725371488,-12
0.1814,-1.16397673722503E-07,-11.9999737300012,-12
0.1815,-1.1134192631522E-07,-11.9999748710418,-12
0.1816,-1.06505775922642E-07,-11.9999759625212,-12
0.1817,-1.01879684323251E-07,-11.9999770065921,-12
0.1818,-9.74545275868482E-08,-11.9999780053136,-12
0.1819,-9.32215780816253E-08,-11.9999789606556,-12
0.182,-8.91724872631133E-08,-11.9999798745021,-12
0.1821,-8.5299269205365E-08,-11.9999807486556,-12
0.1822,-8.15942848547595E-08,-11.9999815848402,-12
0.1823,-7.80502269586807E-08,-11.9999823847049,-12
0.1824,-7.46601056581258E-08,-11.9999831498274,-12
0.1825,-7.14172346973501E-08,-11.9999838817168,-12
0.1826,-6.83152182396045E-08,-11.9999845818164,-12
0.1827,-6.53479382535809E-08,-11.9999852515071,-12
0.1828,-6.25095424437066E-08,-11.9999858921097,-12
0.1829,-5.97944327085147E-08,-11.9999865048877,-12
0.183,-5.71972541009418E-08,-11.9999870910496,-12
0.1831,-5.47128842668203E-08,-11.9999876517515,-12
0.1832,-5.23364233422401E-08,-11.9999881880992,-12
0.1833,-5.00631842951409E-08,-11.9999887011505,-12
0.1834,-4.78886836709196E-08,-11.9999891919175,-12
0.1835,-4.58086327518575E-08,-11.9999896613679,-12
0.1836,-4.38189291015195E-08,-11.9999901104276,-12
0.1837,-4.19156484763621E-08,-11.9999905399824,-12
0.1838,-4.00950370813862E-08,-11.9999909508795,-12
0.1839,-3.83535041668497E-08,-11.9999913439292,-12
0.184,-3.66876149519729E-08,-11.9999917199067,-12
0.1841,-3.50940838412444E-08,-11.9999920795536,-12
0.1842,-3.35697679506668E-08,-11.9999924235791,-12
0.1843,-3.21116609129606E-08,-11.9999927526619,-12
0.1844,-3.07168869351531E-08,-11.9999930674509,-12
0.1845,-2.93826951386793E-08,-11.9999933685671,-12
0.1846,-2.81064541296987E-08,-11.9999936566042,-12
0.1847,-2.68856468077277E-08,-11.9999939321304,-12
0.1848,-2.57178654024986E-08,-11.999994195689,-12
0.1849,-2.46008067281027E-08,-11.9999944478,-12
0.185,-2.35322676349486E-08,-11.9999946889605,-12
0.1851,-2.25101406697663E-08,-11.9999949196462,-12
0.1852,-2.15324099139596E-08,-11.999995140312,-12
0.1853,-2.05971470169291E-08,-11.9999953513931,-12
0.1854,-1.97025073794637E-08,-11.9999955533059,-12
0.1855,-1.88467265244301E-08,-11.9999957464486,-12
0.1856,-1.80281166169609E-08,-11.9999959312022,-12
0.1857,-1.7245063133146E-08,-11.9999961079309,-12
0.1858,-1.64960216756642E-08,-11.9999962769834,-12
0.1859,-1.57795149269762E-08,-11.9999964386931,-12
0.186,-1.50941297379464E-08,-11.9999965933789,-12
0.1861,-1.44385143369734E-08,-11.9999967413459,-12
0.1862,-1.38113756700025E-08,-11.999996882886,-12
0.1863,-1.32114768493923E-08,-11.9999970182782,-12
0.1864,-1.26376347092221E-08,-11.9999971477897,-12
0.1865,-1.20887174737166E-08,-11.9999972716758,-12
0.1866,-1.15636425268522E-08,-11.9999973901809,-12
0.1867,-1.10613742767501E-08,-11.9999975035387,-12
0.1868,-1.05809221108759E-08,-11.9999976119728,-12
0.1869,-1.01213384447479E-08,-11.9999977156971,-12
0.187,-9.68171685377708E-09,-11.999997814916,-12
0.1871,-9.26119028113728E-09,-11.9999979098254,-12
0.1872,-8.85892933303037E-09,-11.9999980006124,-12
0.1873,-8.47414063790123E-09,-11.9999980874561,-12
0.1874,-8.1060652886438E-09,-11.9999981705276,-12
0.1875,-7.75397733781372E-09,-11.999998249991,-12
0.1876,-7.41718237085845E-09,-11.9999983260029,-12
0.1877,-7.09501613448563E-09,-11.9999983987131,-12
0.1878,-6.78684322912229E-09,-11.9999984682652,-12
0.1879,-6.49205585239112E-09,-11.9999985347963,-12
0.188,-6.21007260170383E-09,-11.9999985984376,-12
0.1881,-5.94033732829782E-09,-11.9999986593147,-12
0.1882,-5.68231803816868E-09,-11.9999987175475,-12
0.1883,-5.43550584885136E-09,-11.999998773251,-12
0.1884,-5.19941397661253E-09,-11.999998826535,-12
0.1885,-4.97357678489177E-09,-11.9999988775046,-12
0.1886,-4.75754886088023E-09,-11.9999989262603,-12
0.1887,-4.55090413544237E-09,-11.9999989728983,-12
0.1888,-4.35323504780197E-09,-11.9999990175106,-12
0.1889,-4.16415174206033E-09,-11.9999990601852,-12
0.189,-3.98328129384165E-09,-11.9999991010061,-12
0.1891,-3.81026697601808E-09,-11.999999140054,-12
0.1892,-3.64476755484613E-09,-11.9999991774059,-12
0.1893,-3.48645662219862E-09,-11.9999992131354,-12
0.1894,-3.3350219431443E-09,-11.9999992473129,-12
0.1895,-3.19016485042336E-09,-11.999999280006,-12
0.1896,-3.05159964347037E-09,-11.999999311279,-12
0.1897,-2.9190530331962E-09,-11.9999993411937,-12
0.1898,-2.79226360140708E-09,-11.999999369809,-12
0.1899,-2.67098128452428E-09,-11.9999993971815,-12
0.19,-2.55496688004111E-09,-11.999999423365,-12
0.1901,-2.44399157514888E-09,-11.9999994484112,-12
0.1902,-2.33783649596855E-09,-11.9999994723695,-12
0.1903,-2.2362922769619E-09,-11.9999994952872,-12
0.1904,-2.13915864370076E-09,-11.9999995172095,-12
0.1905,-2.04624402363176E-09,-11.9999995381795,-12
0.1906,-1.95736516039371E-09,-11.9999995582388,-12
0.1907,-1.87234676096207E-09,-11.9999995774267,-12
0.1908,-1.79102114719878E-09,-11.9999995957812,-12
0.1909,-1.71322792147091E-09,-11.9999996133385,-12
0.191,-1.63881365600129E-09,-11.9999996301332,-12
0.1911,-1.5676315836404E-09,-11.9999996461984,-12
0.1912,-1.49954131308075E-09,-11.9999996615658,-12
0.1913,-1.4344085520295E-09,-11.9999996762658,-12
0.1914,-1.37210484032859E-09,-11.9999996903272,-12
0.1915,-1.31250729856472E-09,-11.9999997037779,-12
0.1916,-1.25549838378472E-09,-11.9999997166443,-12
0.1917,-1.20096565856922E-09,-11.9999997289519,-12
0.1918,-1.14880156650113E-09,-11.9999997407249,-12
0.1919,-1.09890322639241E-09,-11.9999997519866,-12
0.192,-1.05117222722153E-09,-11.9999997627591,-12
0.1921,-1.00551443287624E-09,-11.9999997730637,-12
0.1922,-9.61839791017629E-10,-11.9999997829207,-12
0.1923,-9.20062161697179E-10,-11.9999997923495,-12
0.1924,-8.8009914810552E-10,-11.9999998013689,-12
0.1925,-8.41871932152818E-10,-11.9999998099964,-12
0.1926,-8.05305119144142E-10,-11.9999998182493,-12
0.1927,-7.70326590697115E-10,-11.9999998261436,-12
0.1928,-7.36867359933304E-10,-11.9999998336951,-12
0.1929,-7.04861434343476E-10,-11.9999998409186,-12
0.193,-6.74245687889898E-10,-11.9999998478283,-12
0.1931,-6.44959738650888E-10,-11.9999998544379,-12
0.1932,-6.16945829449624E-10,-11.9999998607604,-12
0.1933,-5.90148708909301E-10,-11.9999998668083,-12
0.1934,-5.64515524161171E-10,-11.9999998725935,-12
0.1935,-5.39995721794886E-10,-11.9999998781274,-12
0.1936,-5.16540940992873E-10,-11.999999883421,-12
0.1937,-4.94104919880802E-10,-11.9999998884846,-12
0.1938,-4.72643411541431E-10,-11.9999998933283,-12
0.1939,-4.52114086670254E-10,-11.9999998979616,-12
0.194,-4.32476455131583E-10,-11.9999999023936,-12
0.1941,-4.13691784530348E-10,-11.9999999066332,-12
0.1942,-3.957230287315E-10,-11.9999999106886,-12
0.1943,-3.78534747142358E-10,-11.9999999145678,-12
0.1944,-3.62093041190083E-10,-11.9999999182786,-12
0.1945,-3.46365484972712E-10,-11.9999999218282,-12
0.1946,-3.3132105932079E-10,-11.9999999252236,-12
0.1947,-3.16930088985392E-10,-11.9999999284715,-12
0.1948,-3.0316419105272E-10,-11.9999999315783,-12
0.1949,-2.89996215684842E-10,-11.9999999345502,-12
0.195,-2.77400191976331E-10,-11.9999999373931,-12
0.1951,-2.65351278500494E-10,-11.9999999401124,-12
0.1952,-2.53825710871316E-10,-11.9999999427136,-12
0.1953,-2.42800757405594E-10,-11.9999999452019,-12
0.1954,-2.3225467606405E-10,-11.999999947582,-12
0.1955,-2.22166665423875E-10,-11.9999999498588,-12
0.1956,-2.12516828441058E-10,-11.9999999520367,-12
0.1957,-2.03286132517879E-10,-11.99999995412,-12
0.1958,-1.94456373549447E-10,-11.9999999561128,-12
0.1959,-1.86010137696504E-10,-11.999999958019,-12
0.196,-1.77930765431957E-10,-11.9999999598425,-12
0.1961,-1.70202321129655E-10,-11.9999999615867,-12
0.1962,-1.62809563505808E-10,-11.9999999632552,-12
0.1963,-1.55737910802391E-10,-11.9999999648512,-12
0.1964,-1.48973416770806E-10,-11.9999999663779,-12
0.1965,-1.42502737844798E-10,-11.9999999678383,-12
0.1966,-1.36313111824184E-10,-11.9999999692353,-12
0.1967,-1.30392334284825E-10,-11.9999999705715,-12
0.1968,-1.24728728877945E-10,-11.9999999718497,-12
0.1969,-1.19311123313783E-10,-11.9999999730725,-12
0.197,-1.14128832877005E-10,-11.9999999742421,-12
0.1971,-1.09171634989271E-10,-11.9999999753609,-12
0.1972,-1.04429752156212E-10,-11.9999999764311,-12
0.1973,-9.98938336354247E-11,-11.9999999774548,-12
0.1974,-9.55549329833236E-11,-11.999999978434,-12
0.1975,-9.14044924231992E-11,-11.9999999793708,-12
0.1976,-8.74343292027977E-11,-11.9999999802668,-12
0.1977,-8.36366115779772E-11,-11.9999999811239,-12
0.1978,-8.00038477282403E-11,-11.9999999819438,-12
0.1979,-7.65288732511824E-11,-11.9999999827281,-12
0.198,-7.32048343936829E-11,-11.9999999834783,-12
0.1981,-7.00251766832214E-11,-11.9999999841959,-12
0.1982,-6.69836281590695E-11,-11.9999999848823,-12
0.1983,-6.40741905615603E-11,-11.999999985539,-12
0.1984,-6.12911234159317E-11,-11.9999999861671,-12
0.1985,-5.86289367847901E-11,-11.9999999867679,-12
0.1986,-5.60823831679234E-11,-11.9999999873427,-12
0.1987,-5.36464404492752E-11,-11.9999999878924,-12
0.1988,-5.13163032283235E-11,-11.9999999884183,-12
0.1989,-4.90873747198937E-11,-11.9999999889214,-12
0.199,-4.69552605013822E-11,-11.9999999894026,-12
0.1991,-4.4915756717747E-11,-11.9999999898629,-12
0.1992,-4.29648392812586E-11,-11.9999999903032,-12
0.1993,-4.10986584713745E-11,-11.9999999907244,-12
0.1994,-3.93135375136543E-11,-11.9999999911273,-12
0.1995,-3.76059529687799E-11,-11.9999999915126,-12
0.1996,-3.59725380010521E-11,-11.9999999918813,-12
0.1997,-3.44100697307302E-11,-11.9999999922339,-12
0.1998,-3.2915467812946E-11,-11.9999999925712,-12
0.1999,-3.14857816479351E-11,-11.9999999928939,-12
0.2,-3.01181927968817E-11,-11.9999999932026,-12
